Exchange Id,Website,Name,Data Start,Data End,Data Quote Start,Data Quote End,Data Symbols Count,Volume 1hrs Usd,Volume 1day Usd,Volume 1mth Usd,Data Orderbook Start,Data Orderbook End,Data Trade Start,Data Trade End
ECB,https://www.ecb.europa.eu/,European Central Bank,2020-08-31,2021-05-20,2020-08-31T00:00:00.0000000Z,2021-05-20T17:30:00.9400000Z,32,0,0,0,,,,
BINANCE,https://www.binance.com/,Binance,2017-07-14,2021-05-20,2017-12-18T21:50:58.3910192Z,2021-05-20T17:42:55.1570000Z,1442,2773870017,83002570915,1275441904178,2017-12-18T21:50:58.3910192Z,2020-08-05T14:37:58.9010000Z,2017-07-14T04:00:00.3760000Z,2021-05-20T17:30:04.0966667Z
KRAKEN,https://www.kraken.com/,Kraken,2013-10-22,2021-05-20,2014-07-31T13:05:46.0000000Z,2021-05-20T17:42:46.6043345Z,443,169533972.6,5451223263,83398755226,2014-07-31T13:05:46.0000000Z,2020-08-05T14:37:20.1277711Z,2013-10-22T23:09:46.8630000Z,2021-05-20T17:30:04.0966667Z
COINBASE,https://pro.coinbase.com/,Coinbase Pro (GDAX),2015-01-14,2021-05-20,2015-05-17T00:51:32.6370000Z,2021-05-20T17:44:02.7893580Z,207,459080044.3,13704009882,181863762491,2015-05-17T00:51:32.6370000Z,2020-08-05T14:37:54.1606790Z,2015-01-14T16:07:05.0000000Z,2021-05-20T17:30:04.0966667Z
BITSTAMP,https://www.bitstamp.net/,Bitstamp Ltd.,2011-09-13,2021-05-20,2014-02-24T17:43:05.0000000Z,2021-05-20T17:42:37.1938057Z,75,55329086.98,2387651232,32809787253,2014-02-24T17:43:05.0000000Z,2020-08-05T14:37:55.5632395Z,2011-09-13T13:53:36.0000000Z,2021-05-20T17:30:04.0966667Z
GEMINI,https://gemini.com/,Gemini,2015-10-08,2021-05-20,2017-03-18T22:53:42.0948480Z,2021-05-20T17:44:50.1834791Z,60,36724786.39,1001840302,9315685839,2017-03-18T22:53:42.0948480Z,2020-08-05T14:37:10.5480000Z,2015-10-08T13:40:07.8010000Z,2021-05-20T17:30:04.0966667Z
LMAXDIGITAL,https://www.lmaxdigital.com/,LMAX Digital,2021-04-12,2021-05-20,2021-04-12T23:46:45.6180000Z,2021-05-20T17:41:51.4030000Z,16,57314312.15,2188248925,28657252789,2017-03-18T22:53:42.0948480Z,2020-08-05T14:37:10.5480000Z,2021-04-12T23:46:46.9870000Z,2021-05-20T17:30:04.0966667Z
OKCOINCNY,https://www.okcoin.cn/,OKCoin CNY,2013-06-12,2018-03-09,2015-02-15T12:53:50.3430000Z,2018-03-09T23:34:52.5800000Z,2,0,0,0,2015-02-15T12:53:50.3430000Z,2018-03-09T23:34:52.5800000Z,2013-06-12T14:24:24.0000000Z,2017-11-01T16:30:39.7077259Z
HUOBI,https://www.huobi.us/,Huobi (HBUS),2015-03-29,2020-03-30,2015-03-29T21:46:06.2630000Z,2020-03-30T08:40:10.1306733Z,777,0,0,0,2015-03-29T21:46:06.2630000Z,2020-03-30T08:40:10.1306733Z,2015-03-29T21:46:08.7030000Z,2019-12-16T00:23:43.4240000Z
BITTREX,https://bittrex.com/,Bittrex,2017-01-26,2021-05-20,2017-03-14T20:03:47.4782440Z,2021-05-20T17:42:56.2521869Z,1294,19924236.59,782214560.8,480721515681,2017-03-14T20:03:47.4782440Z,2020-08-05T14:37:03.9320257Z,2017-01-26T19:48:55.0000000Z,2021-05-20T17:30:04.0966667Z
POLONIEX,https://poloniex.com/,POLONIEX,2016-05-29,2021-05-20,2016-06-12T11:53:38.1523879Z,2021-05-20T17:42:55.7002810Z,504,50778767.27,2772978043,29229845459,2016-06-12T11:53:38.1523879Z,2020-08-05T14:37:20.4403838Z,2016-05-29T15:05:08.0000000Z,2021-05-20T17:30:04.0966667Z
BITFINEX,https://www.bitfinex.com/,Bitfinex,2013-01-14,2021-05-20,2014-02-24T17:43:05.0000000Z,2021-05-20T17:42:54.4853265Z,615,257076725.3,6992213783,105118581495,2014-02-24T17:43:05.0000000Z,2020-08-05T14:37:01.4705388Z,2013-01-14T16:47:23.0000000Z,2021-05-20T17:30:04.0966667Z
HUOBIPRO,https://www.hbg.com/,Huobi Global,2018-01-22,2021-05-20,2018-01-24T00:22:17.2456560Z,2021-05-20T17:42:55.8422587Z,1000,1252679485,30441234919,1297651016623,2018-01-24T00:22:17.2456560Z,2020-08-05T14:37:56.8725360Z,2018-01-22T12:55:12.5650000Z,2021-05-20T17:30:04.0966667Z
HITBTC,https://hitbtc.com/,HitBTC,2013-12-27,2021-05-20,2017-03-18T22:53:44.4091161Z,2021-05-20T17:42:56.0415187Z,1741,78748084.25,2221364477,113821048112,2017-03-18T22:53:44.4091161Z,2020-08-05T14:37:20.6006729Z,2013-12-27T08:23:37.0000000Z,2021-05-20T17:30:04.0966667Z
BTCCHINA,https://www.btcchina.com/,BTCCHINA,2011-06-13,2019-02-06,2015-03-29T04:20:18.0000000Z,2019-02-06T15:48:55.5557396Z,3,0,0,0,2015-03-29T04:20:18.0000000Z,2019-02-06T15:48:55.5557396Z,2011-06-13T05:13:24.0000000Z,2018-03-09T22:06:20.0000000Z
BITFLYER,https://bitflyer.jp/,bitFlyer (replaced by BITFLYERLTNG),2017-11-28,2020-07-26,2017-11-29T01:10:28.2891461Z,2020-07-26T21:52:04.1273385Z,136,0,0,0,2017-11-29T01:10:28.2891461Z,2020-07-26T21:52:04.1273385Z,2017-11-28T03:22:58.0000000Z,2020-07-26T21:50:16.0000000Z
BITHUMB,https://www.bithumb.com/,BITHUMB,2017-09-21,2021-05-20,2017-09-21T13:50:30.0371289Z,2021-05-20T17:30:00.9400000Z,217,0,12218432719,177068201385,2017-09-21T13:50:30.0371289Z,2020-08-05T14:37:10.6246508Z,2017-09-21T13:43:23.0000000Z,2021-05-20T17:30:04.0966667Z
COINONE,https://coinone.co.kr/,coinone,2017-09-20,2021-05-20,2017-09-21T13:36:45.5891048Z,2021-05-20T17:42:38.0194448Z,9,16857860.02,716799685.1,13160137824,2017-09-21T13:36:45.5891048Z,2020-08-05T14:37:06.6771830Z,2017-09-20T13:37:21.0000000Z,2021-05-20T17:30:04.0966667Z
OKEX,https://www.okex.com/,OKEx,2017-12-01,2021-05-20,2017-12-18T21:01:51.6121385Z,2021-05-20T17:42:51.2770000Z,6752,15288117989,604508942322,9008024294085,2017-12-18T21:01:51.6121385Z,2020-08-05T14:37:56.0710000Z,2017-12-01T15:26:32.0000000Z,2021-05-20T17:30:04.0966667Z
OKCOINUSD,https://www.okcoin.com/,OKCoin USD,2015-02-14,2021-05-20,2015-02-15T12:53:46.6330000Z,2021-05-20T17:42:10.3270000Z,44,3276786.93,155250140.9,1922139587,2015-02-15T12:53:46.6330000Z,2020-07-21T08:40:29.7790000Z,2015-02-14T16:15:05.5900000Z,2021-05-20T17:30:04.0966667Z
BTCTRADE,https://www.btctrade.com/,BTCTRADE,2015-05-17,2019-02-06,2015-05-17T14:57:14.3470000Z,2019-02-06T15:50:53.7510625Z,6,0,0,0,2015-05-17T14:57:14.3470000Z,2019-02-06T15:50:53.7510625Z,2015-05-17T15:04:12.0000000Z,2018-03-09T21:52:49.0000000Z
BITMEX,https://www.bitmex.com/,BitMEX,2014-11-22,2021-05-20,2014-11-22T16:58:47.8820780Z,2021-05-20T17:42:36.8315775Z,292,234108319.1,7375049785,149807310771,2014-11-22T16:58:47.8820780Z,2020-08-05T14:37:16.1266801Z,2014-11-22T17:51:38.9484710Z,2021-05-20T17:30:04.0966667Z
KUCOIN,https://kucoin.com/,Kucoin,2018-01-24,2021-05-20,2018-01-24T00:22:08.7776711Z,2021-05-20T17:42:55.7438173Z,1027,199771199673933,1.91796E+16,6.15211E+17,2018-01-24T00:22:08.7776711Z,2020-08-05T14:37:10.9225584Z,2018-01-24T15:12:15.0000000Z,2021-05-20T17:30:04.0966667Z
ITBIT,https://www.itbit.com/,itBit,2013-08-25,2021-05-20,2015-05-26T18:24:28.9330000Z,2021-05-20T17:42:10.7840957Z,9,3949260.44,157112363,1790373908,2015-05-26T18:24:28.9330000Z,2020-08-05T14:38:00.7082850Z,2013-08-25T00:21:44.0000000Z,2021-05-20T17:30:04.0966667Z
DERIBIT,https://www.deribit.com/,Deribit,2016-12-02,2021-05-20,2017-03-14T20:03:36.9946659Z,2021-05-20T17:30:00.9400000Z,44970,0,0,222823398607567,2017-03-14T20:03:36.9946659Z,2020-08-05T14:37:48.1277577Z,2016-12-02T05:15:13.4340000Z,2021-05-20T17:30:04.0966667Z
BITBAY,https://www.bitbay.net/,BitBay,2014-03-29,2021-05-20,2017-08-29T15:47:11.6744609Z,2021-05-20T17:42:44.4810000Z,214,16434146.21,7523018811,173016994857,2017-08-29T15:47:11.6744609Z,2020-08-05T14:37:41.6530000Z,2014-03-29T12:36:43.0000000Z,2021-05-20T17:30:04.0966667Z
BIBOX,https://www.bibox.com/,Bibox,2018-11-20,2021-05-20,2018-11-27T00:44:52.1671444Z,2021-05-20T17:42:54.9363256Z,603,287712054.5,8398557544,52207053206,2018-11-27T00:44:52.1671444Z,2020-08-05T14:37:42.5818114Z,2018-11-20T18:52:30.0000000Z,2021-05-20T17:30:04.0966667Z
UPBIT,https://upbit.com/,UPbit Korea,2018-08-20,2021-05-20,2018-08-20T23:03:42.8653704Z,2021-05-20T17:42:53.8080000Z,498,110182488.9,4601992708,67538465671,2018-08-20T23:03:42.8653704Z,2020-08-05T14:37:11.0590000Z,2018-08-20T00:00:58.5670000Z,2021-05-20T17:30:04.0966667Z
BINANCEUS,https://www.binance.us/,Binance US,2019-10-09,2021-05-20,2019-10-09T13:14:23.9239466Z,2021-05-20T17:42:29.4820000Z,109,106577107.1,2814557758,43432917770,2019-10-09T13:14:23.9239466Z,2020-08-05T14:37:39.1930000Z,2019-10-09T13:14:47.5920000Z,2021-05-20T17:30:04.0966667Z
CRYPTOPIA,https://www.cryptopia.co.nz/,Cryptopia,2014-12-07,2019-05-14,2017-03-14T20:03:49.1491232Z,2019-05-14T04:39:36.3417482Z,4659,0,0,0,2017-03-14T20:03:49.1491232Z,2019-05-14T04:39:36.3417482Z,2014-12-07T20:04:05.0000000Z,2019-05-14T04:38:57.0000000Z
COINCHECK,https://coincheck.com/,coincheck,2017-03-14,2021-05-20,2017-03-14T20:03:20.5307029Z,2021-05-20T17:38:10.2066525Z,13,0,0,0,2017-03-14T20:03:20.5307029Z,2020-08-05T14:37:06.3691036Z,2017-03-14T20:04:46.0000000Z,2017-12-18T10:58:56.0000000Z
LIQUI,https://liqui.io/,Liqui,2016-09-08,2019-03-19,2017-09-21T13:45:51.3610312Z,2019-03-19T15:22:49.3593353Z,488,0,0,0,2017-09-21T13:45:51.3610312Z,2019-03-19T15:22:49.3593353Z,2016-09-08T12:23:19.0000000Z,2019-01-27T21:34:45.0000000Z
EXMO,https://exmo.com/,EXMO,2016-02-17,2021-05-20,2017-03-14T20:04:15.0007802Z,2021-05-20T17:42:54.4388970Z,235,2662131.09,72640338.91,1618375832,2017-03-14T20:04:15.0007802Z,2020-08-05T14:37:31.8852981Z,2016-02-17T16:38:11.0000000Z,2021-05-20T17:30:04.0966667Z
CHBTC,https://www.chbtc.com/,CHBTC,2015-05-18,2019-02-06,2015-05-19T14:31:56.5100000Z,2019-02-06T15:52:49.1677389Z,12,0,0,0,2015-05-19T14:31:56.5100000Z,2019-02-06T15:52:49.1677389Z,2015-05-18T00:17:33.0000000Z,2019-02-06T15:43:57.0000000Z
JUBI,https://www.jubi.com/,Jubi,2014-12-31,2019-04-15,2017-03-18T22:53:36.0065489Z,2019-04-15T21:16:24.2699920Z,41,0,0,0,2017-03-18T22:53:36.0065489Z,2019-04-15T21:16:24.2699920Z,2014-12-31T12:12:00.0000000Z,2017-09-07T12:19:20.0000000Z
ZAIF,https://zaif.jp/,Zaif,2017-11-08,2021-05-20,2017-12-28T21:48:26.7161574Z,2021-05-20T17:35:20.8084686Z,30,565565.2,48108432.89,606602550.4,2017-12-28T21:48:26.7161574Z,2020-08-05T14:37:06.3213969Z,2017-11-08T10:35:32.0000000Z,2021-05-20T17:30:04.0966667Z
KORBIT,https://www.korbit.co.kr/,Korbit,2013-09-03,2021-05-20,2017-03-18T22:53:39.4192811Z,2021-05-20T17:42:54.3829972Z,41,0,0,0,2017-03-18T22:53:39.4192811Z,2020-08-05T14:37:12.8898539Z,2013-09-03T06:31:37.0000000Z,2019-10-01T17:25:00.7870000Z
BTC38,http://www.btc38.com,BTC38,2017-03-16,2018-01-09,2017-03-18T22:53:45.3558927Z,2018-01-09T00:02:43.5604799Z,53,0,0,0,2017-03-18T22:53:45.3558927Z,2018-01-09T00:02:43.5604799Z,2017-03-16T13:30:42.0000000Z,2017-10-31T03:58:21.0000000Z
MTGOX,https://www.mtgox.com/,mtgox,2010-07-17,2014-02-25,2017-03-18T22:53:45.3558927Z,2018-01-09T00:02:43.5604799Z,15,0,0,0,2017-03-18T22:53:45.3558927Z,2018-01-09T00:02:43.5604799Z,2010-07-17T23:09:17.0000000Z,2014-02-25T01:59:06.0000000Z
LAKEBTC,https://www.lakebtc.com/,LakeBTC,2014-03-01,2021-05-20,2017-03-18T22:53:40.7300076Z,2021-05-20T17:40:07.7588839Z,10,0,0,66314032.24,2017-03-18T22:53:40.7300076Z,2020-08-05T14:37:33.6953758Z,2014-03-01T12:01:39.0000000Z,2021-05-20T17:30:04.0966667Z
BLEUTRADE,https://bleutrade.com,Bleutrade,2017-02-16,2021-05-20,2017-03-14T20:04:25.7449674Z,2021-05-20T17:38:02.2075417Z,399,443.66,31770.41,551233.91,2017-03-14T20:04:25.7449674Z,2020-08-05T14:14:01.8765542Z,2017-02-16T20:09:59.0000000Z,2021-05-20T17:30:04.0966667Z
BITCOINID,https://indodax.com/,Indodax,2018-01-05,2021-05-20,2018-01-05T15:56:05.6259966Z,2021-05-20T17:41:02.5837412Z,21,885860.27,45132135.79,821917783.4,2018-01-05T15:56:05.6259966Z,2020-08-05T14:37:42.4610048Z,2018-01-05T15:51:29.0000000Z,2021-05-20T17:30:04.0966667Z
TIDEX,https://tidex.com/,Tidex,2017-02-10,2021-05-20,2017-12-28T21:49:03.2916366Z,2021-05-20T17:42:52.5483292Z,389,31776.75,523389049353,4280076318193,2017-12-28T21:49:03.2916366Z,2020-08-05T14:37:29.8830948Z,2017-02-10T20:18:18.0000000Z,2021-05-20T17:30:04.0966667Z
ACX,https://acx.io/,ACX,2017-09-13,2021-05-20,2017-09-21T13:50:21.9301963Z,2021-05-20T17:30:00.9400000Z,38,0,0,0,2017-09-21T13:50:21.9301963Z,2020-08-05T11:42:15.2803147Z,2017-09-13T10:58:32.0000000Z,2020-06-26T02:51:23.0000000Z
BITSO,https://bitso.com/,Bitso,2017-08-29,2021-05-20,2017-08-29T15:47:12.6045423Z,2021-05-20T17:30:00.9400000Z,26,0,0,580121163.4,2017-08-29T15:47:12.6045423Z,2020-08-05T14:37:56.0186756Z,2017-08-29T03:39:38.0000000Z,2021-05-20T17:30:04.0966667Z
LIVECOIN,https://www.livecoin.net/,LiveCoin,2017-12-28,2020-12-24,2017-12-28T21:41:59.3272652Z,2020-12-24T17:23:07.1036713Z,1720,0,0,0,2017-12-28T21:41:59.3272652Z,2020-08-05T14:37:14.2365048Z,2017-12-28T20:44:07.0000000Z,2020-12-24T17:19:51.0000000Z
MIXCOINS,https://mixcoins.com/,MixCoins,2018-01-19,2021-04-09,2018-01-24T00:21:38.5122245Z,2021-04-09T22:00:35.6223081Z,11,0,0,0,2018-01-24T00:21:38.5122245Z,2020-08-05T11:54:12.0230165Z,2018-01-19T02:29:23.0000000Z,2020-12-27T18:51:29.0000000Z
VIRWOX,https://www.virwox.com/,BirWoX,2011-04-27,2020-01-06,2017-03-14T20:04:16.0302851Z,2020-01-06T09:52:30.8182707Z,12,0,0,0,2017-03-14T20:04:16.0302851Z,2020-01-06T09:52:30.8182707Z,2011-04-27T16:05:09.0000000Z,2020-01-06T09:10:21.0000000Z
BTER,https://bter.com/,Bter,2017-01-08,2018-03-10,2017-01-08T23:59:43.3338614Z,2018-03-09T23:36:52.2702686Z,208,0,0,0,2017-01-08T23:59:43.3338614Z,2018-03-09T23:36:52.2702686Z,2017-01-09T00:21:54.0000000Z,2018-03-10T02:08:08.0000000Z
MERCADOBITCOIN,https://www.mercadobitcoin.com.br/,Mercado Bitcoin,2017-03-07,2021-05-20,2017-03-14T20:05:05.6101304Z,2021-05-20T17:42:54.7274396Z,40,1529710.38,49529968.79,825138795.6,2017-03-14T20:05:05.6101304Z,2020-08-05T14:37:47.4793639Z,2017-03-07T18:04:01.0000000Z,2021-05-20T17:30:04.0966667Z
COINNEST,https://www.coinnest.co.kr/,Coinnest,2017-12-17,2019-06-26,2017-12-18T21:44:18.7514464Z,2019-06-26T12:46:48.6026282Z,22,0,0,0,2017-12-18T21:44:18.7514464Z,2019-06-26T12:46:48.6026282Z,2017-12-17T09:56:31.0000000Z,2019-04-30T08:01:20.0000000Z
CEXIO,https://cex.io/,CEX.IO,2018-01-15,2021-05-20,2018-01-24T00:21:46.8349102Z,2021-05-20T17:42:55.2121669Z,214,10305901.4,370541198.4,3006093530,2018-01-24T00:21:46.8349102Z,2020-08-05T14:37:26.0113553Z,2018-01-15T19:18:49.0000000Z,2021-05-20T17:30:04.0966667Z
THEROCKTRADING,https://www.therocktrading.com/,The Rock Trading LTD.,2011-11-09,2021-05-20,2017-03-14T20:05:17.8425642Z,2021-05-20T17:41:37.2355893Z,35,366288183.1,9569108966,254208150106,2017-03-14T20:05:17.8425642Z,2020-08-05T14:37:15.8731749Z,2011-11-09T14:33:28.0000000Z,2021-05-20T17:30:04.0966667Z
CCEX,https://c-cex.com/,c-cex,2014-02-11,2019-06-20,2017-03-14T20:03:12.2346102Z,2019-06-20T05:19:56.7398163Z,1424,0,0,0,2017-03-14T20:03:12.2346102Z,2019-06-20T05:19:56.7398163Z,2014-02-11T19:40:58.0000000Z,2019-06-11T09:52:53.0000000Z
BITYES,https://www.bityes.com/,BitYes,2015-05-18,2019-02-06,2015-05-18T00:48:48.4730000Z,2019-02-06T15:41:13.9066836Z,2,0,0,0,2015-05-18T00:48:48.4730000Z,2019-02-06T15:41:13.9066836Z,2015-05-18T00:48:55.0000000Z,2019-02-06T15:45:13.0000000Z
QUADRIGACX,https://www.quadrigacx.com/,QuadrigaCX,2017-03-14,2019-01-28,2017-03-14T20:05:08.1246185Z,2019-01-28T21:01:56.0758582Z,11,0,0,0,2017-03-14T20:05:08.1246185Z,2019-01-28T21:01:56.0758582Z,2017-03-14T20:10:31.0000000Z,2019-01-28T21:01:30.0000000Z
BITMARKET,https://www.bitmarket.pl,BitMarket,2011-04-05,2019-07-08,2017-08-29T15:47:10.0528025Z,2019-07-08T22:04:27.4211942Z,4,0,0,0,2017-08-29T15:47:10.0528025Z,2019-07-08T22:04:27.4211942Z,2011-04-05T18:49:48.0000000Z,2019-07-08T22:02:31.0000000Z
LUNO,https://www.luno.com,Luno,2017-12-28,2021-05-20,2017-12-28T21:44:47.2651267Z,2021-05-20T17:36:35.5221307Z,4,1414030.93,58700176.53,784369907.5,2017-12-28T21:44:47.2651267Z,2020-08-05T14:37:50.3015153Z,2017-12-28T14:19:44.8820000Z,2021-05-20T17:30:04.0966667Z
BTCMARKETS,https://www.btcmarkets.net/,BTC Markets Pty Ltd.,2017-12-25,2021-05-20,2017-12-28T21:38:26.3015015Z,2021-05-20T17:42:44.0314647Z,11,629183.69,60692493.71,837397803.6,2017-12-28T21:38:26.3015015Z,2020-08-05T14:37:59.6681772Z,2017-12-25T10:18:54.0000000Z,2021-05-20T17:30:04.0966667Z
VAULTORO,https://www.vaultoro.com/,Vaultoro,2017-03-14,2019-11-01,2017-03-14T20:05:23.8488070Z,2019-11-01T19:35:17.2927695Z,1,0,0,0,2017-03-14T20:05:23.8488070Z,2019-11-01T19:35:17.2927695Z,2017-03-14T20:07:49.0000000Z,2019-09-30T14:55:05.0000000Z
BTCBOX,https://www.btcbox.co.jp/,BtcBox,2018-01-24,2021-05-20,2018-01-24T00:21:41.0728293Z,2021-05-20T17:30:55.2275954Z,1,1868413.99,30934780.08,1117451241,2018-01-24T00:21:41.0728293Z,2020-08-05T14:36:31.8791798Z,2018-01-24T23:24:33.0000000Z,2021-05-20T17:30:04.0966667Z
GATECOIN,https://gatecoin.com/,Gatecoin,2017-03-14,2019-03-13,2017-03-14T20:04:17.4937751Z,2019-03-13T14:29:02.8306514Z,10,0,0,0,2017-03-14T20:04:17.4937751Z,2019-03-13T14:29:02.8306514Z,2017-03-14T22:00:23.0000000Z,2019-03-13T14:03:45.0000000Z
GETBTC,https://getbtc.org/,GetBTC,2018-01-24,2019-02-25,2018-01-24T00:25:52.2092047Z,2019-02-25T07:57:30.2362884Z,3,0,0,0,2018-01-24T00:25:52.2092047Z,2019-02-25T07:57:30.2362884Z,2018-01-24T23:35:14.0000000Z,2019-02-25T07:56:38.0000000Z
ALLCOIN,https://www.allcoin.com/,Allcoin,2017-06-19,2020-02-25,2018-01-24T00:42:37.0818542Z,2020-02-25T01:17:27.6473725Z,130,0,0,0,2018-01-24T00:42:37.0818542Z,2020-02-25T01:17:27.6473725Z,2017-06-19T05:31:08.2600000Z,2020-02-25T01:16:50.0000000Z
COINMATE,https://coinmate.io/,Coin Mate,2017-03-14,2021-05-20,2017-03-14T20:04:13.3389084Z,2021-05-20T17:41:44.0459831Z,20,264407.52,8328231.18,115713760.1,2017-03-14T20:04:13.3389084Z,2020-08-05T14:37:49.6795885Z,2017-03-14T20:04:43.2020000Z,2021-05-20T17:30:04.0966667Z
INDEPENDENTRESERVE,https://www.independentreserve.com/,Independent Reserve,2017-09-16,2021-05-20,2017-09-21T13:39:33.4870179Z,2021-05-20T17:42:55.6428718Z,110,919207.55,42032191.86,425167549.1,2017-09-21T13:39:33.4870179Z,2020-08-05T14:37:37.8854203Z,2017-09-16T00:53:48.0000000Z,2021-05-20T17:30:04.0966667Z
COINFLOOR,https://www.coinfloor.co.uk/,coinfloor,2017-09-19,2021-05-20,2017-09-21T13:36:24.9479094Z,2021-05-20T17:38:07.1957097Z,4,135363.07,21802411,179112149,2017-09-21T13:36:24.9479094Z,2020-08-05T14:37:20.7769066Z,2017-09-19T11:20:44.0000000Z,2021-05-20T17:30:04.0966667Z
DSX,https://dsx.uk,DSX,2017-06-07,2020-11-02,2017-08-29T15:50:33.5497414Z,2020-11-02T08:39:41.3018624Z,74,0,0,0,2017-08-29T15:50:33.5497414Z,2020-08-05T14:37:48.8773577Z,2017-06-07T04:46:35.0000000Z,2020-11-02T07:31:11.0000000Z
ABUCOINS,https://abucoins.com/,Abucoins,2017-12-27,2019-04-17,2017-12-28T21:34:28.8285993Z,2019-04-17T14:49:48.5333799Z,66,0,0,0,2017-12-28T21:34:28.8285993Z,2019-04-17T14:49:48.5333799Z,2017-12-27T12:49:47.0000000Z,2018-05-30T13:35:15.0000000Z
SOUTHXCHANGE,https://www.southxchange.com/,SouthXchange,2017-11-16,2021-05-20,2018-01-24T00:21:32.6002443Z,2021-05-20T17:42:52.7891809Z,886,6441.29,32569878068,3504126322244,2018-01-24T00:21:32.6002443Z,2020-08-05T14:33:58.4248276Z,2017-11-16T09:22:21.0000000Z,2021-05-20T17:30:04.0966667Z
BTCTRADEUA,https://btc-trade.com.ua/,BTC Trade UA,2018-01-24,2021-05-20,2018-01-24T00:21:29.5498424Z,2021-05-20T17:35:31.2307570Z,33,0,0,0,2018-01-24T00:21:29.5498424Z,2020-08-05T14:32:32.5070781Z,2018-01-24T18:46:55.0000000Z,2020-07-28T15:08:24.0000000Z
KRAKENFTS,https://futures.kraken.com/,Kraken Futures,2017-11-23,2021-05-20,2017-12-19T00:37:58.6744791Z,2021-05-20T17:42:55.9310000Z,342,58968647,1632726062,29920814368,2017-12-19T00:37:58.6744791Z,2020-08-05T14:37:32.4250000Z,2017-11-23T16:42:29.0000000Z,2021-05-20T17:30:04.0966667Z
BTCX,https://bt.cx/en/,bt.cx,2016-03-27,2017-10-13,2017-03-14T20:03:53.7061506Z,2017-10-13T11:04:34.3376757Z,2,0,0,0,2017-03-14T20:03:53.7061506Z,2017-10-13T11:04:34.3376757Z,2016-03-27T23:17:37.0000000Z,2017-10-13T10:45:09.0000000Z
BITVC,https://www.bitvc.com/,BitVC.com,2017-03-16,2017-09-05,2017-03-18T22:53:36.3146226Z,2017-09-05T05:05:43.5778329Z,2,0,0,0,2017-03-18T22:53:36.3146226Z,2017-09-05T05:05:43.5778329Z,2017-03-16T21:20:22.0000000Z,2017-09-04T12:17:15.0000000Z
KUNA,https://kuna.io/,Kuna,2017-12-30,2021-05-20,2018-01-24T00:21:49.7672137Z,2021-05-20T17:41:18.1645691Z,62,98949.53,3064628.17,58125982.32,2018-01-24T00:21:49.7672137Z,2020-08-05T14:37:24.1081653Z,2017-12-30T06:24:58.0000000Z,2021-05-20T17:30:04.0966667Z
BRAZILIEX,https://braziliex.com/,Braziliex,2017-12-16,2021-05-20,2018-01-24T00:21:43.7267644Z,2021-05-20T17:40:52.9323287Z,159,51403.93,782325.45,12594553.34,2018-01-24T00:21:43.7267644Z,2020-08-05T14:36:34.9322719Z,2017-12-16T15:03:35.6420000Z,2021-05-20T17:30:04.0966667Z
PAYMIUM,https://www.paymium.com,Paymium,2017-03-11,2021-05-20,2017-03-14T20:05:15.5379982Z,2021-05-20T17:38:25.7851677Z,1,46446.9,845315.23,12946974.88,2017-03-14T20:05:15.5379982Z,2020-08-05T14:34:39.5657913Z,2017-03-11T00:14:42.0000000Z,2021-05-20T17:30:04.0966667Z
BIT2C,https://www.bit2c.co.il/,Bit2C,2013-03-15,2021-05-20,2018-01-24T00:42:50.1443495Z,2021-05-20T17:31:35.0266597Z,10,0,0,0,2018-01-24T00:42:50.1443495Z,2020-08-05T14:37:38.9928029Z,2013-03-15T12:48:43.0000000Z,2020-06-25T13:09:04.0000000Z
FYBSG,https://www.fybsg.com/,FYB-SG,2013-01-07,2019-08-28,2018-01-24T00:21:35.8644461Z,2019-08-28T00:23:39.4396719Z,2,0,0,0,2018-01-24T00:21:35.8644461Z,2019-08-28T00:23:39.4396719Z,2013-01-07T06:17:04.0000000Z,2018-06-28T07:22:05.0000000Z
YUNBI,https://yunbi.com/,YUNBI,2013-09-28,2018-03-09,2017-03-14T20:04:56.4842821Z,2018-03-09T23:30:06.7432183Z,23,0,0,0,2017-03-14T20:04:56.4842821Z,2018-03-09T23:30:06.7432183Z,2013-09-28T22:40:50.0000000Z,2018-03-09T21:58:11.8750000Z
BITKONAN,https://bitkonan.com/,BitKonan,2017-08-26,2021-05-20,2017-08-29T15:47:11.5174742Z,2021-05-20T17:30:00.9400000Z,2,0,361.53,59034.22,2017-08-29T15:47:11.5174742Z,2020-08-05T14:23:13.7013094Z,2017-08-26T12:22:43.0000000Z,2021-05-20T17:30:04.0966667Z
FYBSE,https://www.fybse.se/,FYB-SE,2013-07-15,2019-08-28,2018-01-24T00:21:52.7701638Z,2019-08-28T13:11:39.4081373Z,1,0,0,0,2018-01-24T00:21:52.7701638Z,2019-08-28T13:11:39.4081373Z,2013-07-15T20:40:11.0000000Z,2018-02-26T14:50:15.0000000Z
BTCC,https://www.btcc.com/,BTCC,2017-09-20,2018-06-19,2017-09-21T13:35:08.7798904Z,2018-06-19T12:33:14.6691507Z,1,0,0,0,2017-09-21T13:35:08.7798904Z,2018-06-19T12:33:14.6691507Z,2017-09-20T12:51:00.5840000Z,2018-06-11T01:06:48.2510000Z
COINGI,https://coingi.com/,Coingi,2017-09-10,2021-05-20,2018-01-24T00:21:48.4137019Z,2021-05-20T17:42:40.0223439Z,28,0,125187.24,887596.74,2018-01-24T00:21:48.4137019Z,2020-08-05T14:37:03.0595643Z,2017-09-10T07:59:21.0000000Z,2021-05-20T17:30:04.0966667Z
1BTCXE,https://1btcxe.com/,1Btcxe,2018-01-23,2019-08-06,2018-01-24T00:42:37.6443449Z,2019-08-06T11:12:15.4810000Z,29,0,0,0,2018-01-24T00:42:37.6443449Z,2019-08-06T11:12:15.4810000Z,2018-01-23T09:58:13.0000000Z,2018-06-18T12:01:54.0000000Z
NOVA,https://novaexchange.com/,Novaexchange,2016-04-08,2019-10-07,2018-01-24T00:21:54.1944779Z,2019-10-07T14:40:13.5873553Z,3034,0,0,0,2018-01-24T00:21:54.1944779Z,2019-10-07T14:40:13.5873553Z,2016-04-08T02:59:15.0000000Z,2019-10-07T09:18:00.0000000Z
COINSECURE,https://coinsecure.in/,Coinsecure,2018-01-24,2018-04-10,2018-01-24T00:21:45.2925018Z,2018-04-10T05:55:15.8720000Z,1,0,0,0,2018-01-24T00:21:45.2925018Z,2018-04-10T05:55:15.8720000Z,2018-01-24T18:15:31.9200000Z,2018-04-10T03:54:07.4020000Z
VBTC,https://vbtc.vn/,VBTC.VN,2014-08-15,2021-05-20,2017-03-14T20:05:02.3943786Z,2021-05-20T17:30:00.9400000Z,5,0,0,0,2017-03-14T20:05:02.3943786Z,2020-08-05T14:34:57.4067142Z,2014-08-15T17:27:03.0000000Z,2018-03-09T21:58:24.8810000Z
FOXBIT,https://foxbit.com.br/,Foxbit,2014-12-11,2021-04-30,2017-03-18T22:53:42.1600307Z,2021-04-30T07:45:06.4728213Z,1,0,0,0,2017-03-18T22:53:42.1600307Z,2020-08-05T11:50:56.9808233Z,2014-12-11T10:31:07.0000000Z,2014-12-14T14:07:14.0000000Z
CHILEBIT,https://chilebit.net/,CHILEBIT,2014-12-12,2021-02-09,2017-03-18T22:53:41.7026460Z,2021-02-09T15:47:03.5138958Z,1,0,0,0,2017-03-18T22:53:41.7026460Z,2020-08-05T11:47:48.3514633Z,2014-12-12T16:36:44.0000000Z,2015-04-29T17:27:49.0000000Z
URDUBIT,https://urdubit.com/,URDUBIT,2014-10-14,2018-09-17,2017-03-18T22:53:43.0074017Z,2018-09-17T10:29:55.2038175Z,1,0,0,0,2017-03-18T22:53:43.0074017Z,2018-09-17T10:29:55.2038175Z,2014-10-14T04:46:00.0000000Z,2015-02-21T05:56:02.0000000Z
SURBITCOIN,https://surbitcoin.com/,SurBitcoin,2014-08-15,2021-04-30,2017-03-18T22:53:39.8859603Z,2021-04-30T07:45:00.6359798Z,1,0,0,0,2017-03-18T22:53:39.8859603Z,2020-08-05T11:57:02.3602704Z,2014-08-15T17:27:03.0000000Z,2015-02-19T16:03:23.0000000Z
WAVESPLATFORM,http://www.wavesplatform.com/,Waves Decentralized Exchange,2019-04-26,2020-07-26,2017-03-18T22:53:39.8859603Z,2021-04-30T07:45:00.6359798Z,828,0,0,0,2017-03-18T22:53:39.8859603Z,2020-08-05T11:57:02.3602704Z,2019-04-26T03:02:46.3080000Z,2020-07-26T21:53:59.7030000Z
DUEDEX,https://duedex.com/,DueDEX,2020-01-09,2021-05-20,2020-01-09T15:14:50.8135995Z,2021-05-20T17:30:00.9400000Z,1,1084274006,833081565486,11407915774828,2020-01-09T15:14:50.8135995Z,2020-08-05T14:37:10.6594873Z,2020-01-09T15:14:56.9880000Z,2021-05-20T17:30:04.0966667Z
OVEX,https://www.ovex.io/,OVEX,2020-05-10,2021-04-25,2020-05-10T21:44:43.3162308Z,2021-04-25T01:14:54.6565030Z,5,0,0,0,2020-05-10T21:44:43.3162308Z,2020-08-05T14:35:33.8524462Z,2020-08-02T08:24:45.0000000Z,2021-04-14T08:14:00.0000000Z
HUOBIKR,https://www.huobi.co.kr/,Huobi Korea,2020-01-15,2021-05-20,2020-01-15T16:41:21.2798163Z,2021-05-20T17:42:55.1656619Z,893,856905366.5,26469811804,819891992133,2020-01-15T16:41:21.2798163Z,2020-08-05T14:37:58.9095501Z,2020-01-15T16:41:21.3960000Z,2021-05-20T17:30:04.0966667Z
COINHUB,https://coinhub.io/,Coinhub,2018-11-29,2020-09-09,2019-04-18T12:50:27.9351772Z,2020-09-09T21:11:33.1786992Z,36,0,0,0,2019-04-18T12:50:27.9351772Z,2020-07-28T14:46:15.4604711Z,2018-11-29T15:56:57.0000000Z,2020-09-05T17:11:27.0000000Z
BITVAST,https://www.bitvast.com/,Bitvast,2020-05-05,2021-05-20,2020-05-05T13:01:32.5948284Z,2021-05-20T17:40:52.6873089Z,15,22930836.82,816784350.9,5812958288,2020-05-05T13:01:32.5948284Z,2020-08-05T14:37:51.9379819Z,2020-05-11T02:05:26.0000000Z,2021-05-20T17:30:04.0966667Z
IDCM,https://www.idcm.io/,IDCM,2019-02-03,2021-05-20,2019-02-05T23:29:27.8946927Z,2021-05-20T17:40:19.9573852Z,67,7918232.91,325434740,12833265844,2019-02-05T23:29:27.8946927Z,2020-08-05T14:37:41.4411716Z,2019-02-03T15:53:24.0000000Z,2021-05-20T17:30:04.0966667Z
BITVAVO,https://bitvavo.com,Bitvavo,2020-05-05,2021-05-20,2020-05-05T13:01:26.5780423Z,2021-05-20T17:42:49.3825935Z,151,24444324.69,613481421.7,10051197487,2020-05-05T13:01:26.5780423Z,2020-08-05T14:37:08.8610128Z,2020-05-05T13:19:30.6410000Z,2021-05-20T17:30:04.0966667Z
XS2,https://xs2.exchange/,XS2,2019-04-18,2019-08-06,2019-04-18T13:01:43.4096374Z,2019-08-06T12:04:33.7215024Z,104,0,0,0,2019-04-18T13:01:43.4096374Z,2019-08-06T12:04:33.7215024Z,2019-04-21T03:14:14.1460000Z,2019-04-21T03:14:14.1460000Z
BITKUB,https://www.bitkub.com/,Bitkub,2019-04-16,2021-05-20,2019-04-16T18:32:57.0850620Z,2021-05-20T17:42:39.6196330Z,46,36180564.09,1433638557,24620442235,2019-04-16T18:32:57.0850620Z,2020-08-05T14:37:24.2549762Z,2020-02-28T14:29:56.0000000Z,2021-05-20T17:30:04.0966667Z
COINCORNER,https://www.coincorner.com/,CoinCorner,2018-04-13,2020-07-28,2019-10-01T17:21:35.8361975Z,2020-07-28T15:10:31.3706473Z,2,0,0,0,2019-10-01T17:21:35.8361975Z,2020-07-28T15:10:31.3706473Z,2018-04-13T13:31:54.0000000Z,2018-04-13T13:31:54.0000000Z
EZBTC,https://www.ezbtc.ca/,ezBtc,2019-04-05,2019-08-25,2019-04-08T15:33:51.6786671Z,2019-08-25T21:44:43.9443608Z,1,0,0,0,2019-04-08T15:33:51.6786671Z,2019-08-25T21:44:43.9443608Z,2019-04-05T06:19:12.0000000Z,2019-08-13T14:26:33.0000000Z
HUOBIIND,https://www.huobi.com.co/,Huobi Indonesia,2020-05-05,2021-05-20,2020-05-05T00:00:00.0628272Z,2021-05-20T17:42:49.6593407Z,123,161935664.5,6630316021,354885207375,2020-05-05T00:00:00.0628272Z,2020-08-05T14:37:45.1728186Z,2020-05-05T13:17:55.9760000Z,2021-05-20T17:30:04.0966667Z
STRONGHOLD,https://stronghold.co/,Stronghold,2019-04-08,2019-04-30,2019-04-08T15:17:54.1560666Z,2019-04-30T22:53:43.8462303Z,9,0,0,0,2019-04-08T15:17:54.1560666Z,2019-04-30T22:53:43.8462303Z,2019-04-08T08:19:05.0000000Z,2019-04-25T19:23:28.0000000Z
DIGIFINEX,https://www.digifinex.com/,DigiFinex,2019-02-19,2020-07-28,2019-02-19T17:11:50.0000000Z,2020-07-28T15:13:38.2242862Z,635,0,0,0,2019-02-19T17:11:50.0000000Z,2020-07-28T15:13:38.2242862Z,2019-02-19T09:23:18.0000000Z,2020-07-28T15:14:00.0000000Z
HUOBIFTS,https://futures.huobi.com/,Huobi Futures,2021-04-19,2021-05-20,2021-04-19T10:42:01.7393191Z,2021-05-20T17:42:50.5723254Z,394,1450306127292,37081825048867,638402205006839,2019-02-19T17:11:50.0000000Z,2020-07-28T15:13:38.2242862Z,2021-04-19T10:41:09.9810000Z,2021-05-20T17:30:04.0966667Z
ALTILLY,https://www.altilly.com/,Altilly,2019-10-01,2020-12-25,2019-10-01T17:36:25.1190952Z,2020-12-25T20:26:53.5669236Z,1468,0,0,0,2019-10-01T17:36:25.1190952Z,2020-08-05T14:37:35.7864275Z,2019-10-01T17:52:17.0000000Z,2020-12-25T20:22:27.0000000Z
ANXPRO,https://anxpro.com/,ANXPro,2018-01-24,2019-08-06,2018-01-24T00:42:31.5662178Z,2019-08-06T11:10:04.4630000Z,19,0,0,0,2018-01-24T00:42:31.5662178Z,2019-08-06T11:10:04.4630000Z,2019-10-01T17:52:17.0000000Z,2020-12-25T20:22:27.0000000Z
ABCC,https://abcc.com/,ABCC,2019-10-01,2021-05-20,2019-10-01T17:18:52.9628053Z,2021-05-20T17:39:02.9988725Z,124,0,0,0,2019-10-01T17:18:52.9628053Z,2020-08-05T14:36:00.9708954Z,2019-10-01T17:52:17.0000000Z,2020-12-25T20:22:27.0000000Z
BUDA,https://www.buda.com/,Buda,2019-04-08,2021-05-20,2019-04-08T15:18:03.9526203Z,2021-05-20T17:41:44.1599414Z,19,490100.84,14715637.21,184206439.3,2019-04-08T15:18:03.9526203Z,2020-05-10T21:47:07.6000323Z,2019-04-08T15:20:23.7300000Z,2021-05-20T17:30:04.0966667Z
HEATWALLET,https://heatwallet.com/,Heat Wallet,2019-04-08,2021-05-20,2019-04-08T15:18:03.9526203Z,2021-05-20T17:41:44.1599414Z,22,0,0,0,2019-04-08T15:18:03.9526203Z,2020-05-10T21:47:07.6000323Z,2019-04-08T15:20:23.7300000Z,2021-05-20T17:30:04.0966667Z
BINANCEOPTVUAT,https://www.binance.com/,Binance Options Vanilla Testnet (vapi),2021-02-18,2021-03-13,2021-02-18T14:41:41.3040000Z,2021-03-13T22:07:17.0100000Z,12,0,0,0,2019-04-08T15:18:03.9526203Z,2020-05-10T21:47:07.6000323Z,2019-04-08T15:20:23.7300000Z,2021-05-20T17:30:04.0966667Z
BITSTORAGE,https://bitstorage.finance/,BITStorage,2020-05-05,2021-05-20,2020-05-05T16:55:33.1626651Z,2021-05-20T17:39:54.9477357Z,41,282267.14,6836022.27,144552272.8,2020-05-05T16:55:33.1626651Z,2020-08-05T14:37:26.8143232Z,2020-05-05T18:59:59.0000000Z,2021-05-20T17:30:04.0966667Z
BITMAX,https://ascendex.com/,Bitmax (AscendEX),2019-04-08,2021-05-20,2019-04-08T15:17:56.3251936Z,2021-05-20T17:42:54.1885065Z,361,6340173.91,217131646.4,4728024740,2019-04-08T15:17:56.3251936Z,2020-03-20T21:01:47.1752553Z,2019-04-08T15:18:02.5080000Z,2021-05-20T17:30:04.0966667Z
BIGONE,https://big.one/,BigONE,2018-09-20,2021-05-20,2019-04-08T15:28:53.6306458Z,2021-05-20T17:42:31.5515500Z,377,1065258081,31037071988,581619837052,2019-04-08T15:28:53.6306458Z,2020-08-05T14:37:49.0286205Z,2018-09-20T13:55:53.0000000Z,2021-05-20T17:30:04.0966667Z
TOPBTC,https://topbtc.com/,TOPBTC,2019-10-03,2021-05-20,2019-10-03T16:59:06.3521131Z,2021-05-20T17:41:28.1117853Z,72,0,0,0,2019-10-03T16:59:06.3521131Z,2020-08-05T14:38:17.5113913Z,2018-09-20T13:55:53.0000000Z,2021-05-20T17:30:04.0966667Z
OCEANEX,https://oceanex.pro/,OceanEx,2019-09-16,2021-05-20,2019-10-01T15:58:54.5097198Z,2021-05-20T17:42:50.5752524Z,101,15708493.09,450832887.2,16058712676,2019-10-01T15:58:54.5097198Z,2020-08-05T14:37:35.4576340Z,2019-09-16T19:31:03.0000000Z,2021-05-20T17:30:04.0966667Z
COINEGG,https://www.coinegg.com/,COINEGG,2019-04-08,2021-05-20,2019-04-08T15:19:03.6052763Z,2021-05-20T17:38:15.3078527Z,407,0,0,0,2019-04-08T15:19:03.6052763Z,2020-08-05T14:37:16.3204791Z,2019-09-16T19:31:03.0000000Z,2021-05-20T17:30:04.0966667Z
FOLGORY,https://folgory.com/,Folgory,2020-09-16,2021-05-20,2020-09-22T14:53:06.1317446Z,2021-05-20T17:42:56.4038650Z,328,3778655.58,97856891.74,2400652729,2019-04-08T15:19:03.6052763Z,2020-08-05T14:37:16.3204791Z,2020-09-16T14:42:58.0000000Z,2021-05-20T17:30:04.0966667Z
NEGOCIECOINS,http://www.negociecoins.com.br/,Negocie Coins,2019-04-08,2019-09-01,2019-04-08T15:17:57.9165736Z,2019-09-01T02:57:08.8225151Z,7,0,0,0,2019-04-08T15:17:57.9165736Z,2019-09-01T02:57:08.8225151Z,2020-09-16T14:42:58.0000000Z,2021-05-20T17:30:04.0966667Z
OTCBTC,https://otcbtc.com/,OTCBTC,2018-02-10,2021-05-20,2019-04-08T15:18:07.0167609Z,2021-05-20T17:30:00.9400000Z,99,0,0,1440.54,2019-04-08T15:18:07.0167609Z,2020-08-05T11:54:52.8737021Z,2018-02-10T01:03:31.0000000Z,2021-05-20T17:30:04.0966667Z
KOINEKS,https://koineks.com/,Koineks,2019-10-01,2020-03-24,2019-10-01T17:25:57.0756373Z,2020-03-24T12:55:01.6822612Z,18,0,0,0,2019-10-01T17:25:57.0756373Z,2020-03-24T12:55:01.6822612Z,2018-02-10T01:03:31.0000000Z,2021-05-20T17:30:04.0966667Z
TOKENOMY,https://tokenomy.com/,Tokenomy,2018-09-15,2021-05-20,2019-04-08T15:17:58.6208307Z,2021-05-20T17:41:10.1898323Z,66,89041.07,5572357.26,279110127.2,2019-04-08T15:17:58.6208307Z,2020-08-05T14:37:41.3290601Z,2018-09-15T10:07:08.0000000Z,2021-05-20T17:30:04.0966667Z
GATEHUB,https://www.gatehub.net/,Gatehub,2021-03-02,2021-05-20,2021-03-05T11:27:04.6783039Z,2021-05-20T17:42:31.6884129Z,12,0,0,47382342.52,2019-04-08T15:17:58.6208307Z,2020-08-05T14:37:41.3290601Z,2021-03-02T18:05:52.0000000Z,2021-05-20T17:30:04.0966667Z
GOPAXKR,https://www.gopax.co.kr/,GOPAX Korea,2019-02-22,2021-05-20,2019-06-15T19:57:09.0995140Z,2021-05-20T17:42:27.7405677Z,200,39593940.96,1751884936,50165390310,2019-06-15T19:57:09.0995140Z,2020-08-05T14:37:53.9579664Z,2019-02-22T17:10:59.0000000Z,2021-05-20T17:30:04.0966667Z
GM55,https://www.55.com/,55 Global Markets,2019-08-28,2020-03-09,2019-10-01T17:24:48.7546688Z,2020-03-09T02:42:29.9170538Z,53,0,0,0,2019-10-01T17:24:48.7546688Z,2020-03-09T02:42:29.9170538Z,2019-08-28T23:41:02.2210000Z,2020-03-09T02:43:40.5170000Z
CPATEX,https://c-patex.com/,C-Patex,2017-12-18,2021-05-20,2019-04-08T15:17:55.4599973Z,2021-05-20T17:42:23.7293230Z,237,405.48,177367226238,20216137346162,2019-04-08T15:17:55.4599973Z,2020-08-05T14:38:18.9028200Z,2017-12-18T17:36:08.0000000Z,2021-05-20T17:30:04.0966667Z
ETOROX,https://www.etorox.com/,eToroX,2021-03-02,2021-05-20,2021-03-02T17:59:32.2830000Z,2021-05-20T17:42:25.7830000Z,32,12155552.71,546279428.7,7879009358,2019-04-08T15:17:55.4599973Z,2020-08-05T14:38:18.9028200Z,2021-03-02T17:59:53.8400000Z,2021-05-20T17:30:04.0966667Z
STELLARPORT,https://stellarport.io/,Stellarport,2019-10-01,2020-05-30,2019-10-01T17:28:13.0372611Z,2020-05-30T23:13:33.8370847Z,1587,0,0,0,2019-10-01T17:28:13.0372611Z,2020-05-30T23:13:33.8370847Z,2021-03-02T17:59:53.8400000Z,2021-05-20T17:30:04.0966667Z
WHITEBIT,https://whitebit.com/,WhiteBit,2019-08-12,2021-05-20,2019-10-01T17:47:42.7491926Z,2021-05-20T17:42:41.7911932Z,428,11931686.39,376762167.8,9905676296,2019-10-01T17:47:42.7491926Z,2020-08-05T14:37:28.3766411Z,2019-08-12T13:42:51.4620000Z,2021-05-20T17:30:04.0966667Z
COINSQUARE,https://coinsquare.com/,Coinsquare,2019-08-12,2021-05-20,2019-10-01T17:47:42.7491926Z,2021-05-20T17:42:41.7911932Z,21,0,0,0,2019-10-01T17:47:42.7491926Z,2020-08-05T14:37:28.3766411Z,2019-08-12T13:42:51.4620000Z,2021-05-20T17:30:04.0966667Z
BITPANDAPRO,https://www.bitpanda.com/en/pro,Bitpanda Pro,2020-05-05,2021-05-20,2020-05-05T13:00:48.1306613Z,2021-05-20T17:42:52.3046907Z,23,457075.11,22058818.16,388621082.5,2020-05-05T13:00:48.1306613Z,2020-08-05T14:37:06.7437058Z,2021-01-27T00:04:23.7680000Z,2021-05-20T17:30:04.0966667Z
SHORTEX,https://shortex.net/,Shortex ,2020-05-05,2020-10-26,2020-05-05T13:01:09.8265289Z,2020-10-26T15:49:04.9320112Z,30,0,0,0,2020-05-05T13:01:09.8265289Z,2020-08-03T12:39:13.2983541Z,2020-05-05T13:18:17.0000000Z,2020-10-26T15:46:18.0000000Z
FTX,https://ftx.com/,FTX,2020-02-27,2021-05-20,2020-02-27T12:54:29.3219825Z,2021-05-20T17:42:51.5535846Z,1039,1222670541,28971599578,500562073160,2020-02-27T12:54:29.3219825Z,2020-08-05T14:37:08.6664588Z,2020-02-27T12:54:49.9301400Z,2021-05-20T17:30:04.0966667Z
LUKKI,https://lukki.io/,Lukki Exchange,2020-05-05,2021-04-02,2020-02-27T12:54:29.3219825Z,2021-05-20T17:42:51.5535846Z,122,0,0,201925838.2,2020-02-27T12:54:29.3219825Z,2020-08-05T14:37:08.6664588Z,2020-05-05T13:19:59.4944225Z,2021-04-02T11:17:03.9136020Z
BITINKA,https://www.bitinka.com/,Bitinka,2019-02-08,2021-05-20,2019-02-08T07:47:15.6160385Z,2021-05-20T17:41:57.3937588Z,407,0,0,0,2019-02-08T07:47:15.6160385Z,2020-08-05T14:37:11.8780509Z,2020-05-05T13:19:59.4944225Z,2021-04-02T11:17:03.9136020Z
BITFOREX,https://bitforex.com/,BitForex,2018-09-04,2021-05-20,2018-10-13T17:03:50.8150924Z,2021-05-20T17:42:40.7909434Z,606,87120479433,110117733770788,3.30705E+15,2018-10-13T17:03:50.8150924Z,2020-08-05T14:37:06.7472218Z,2018-09-04T17:03:38.8780000Z,2021-05-20T17:30:04.0966667Z
BITSANE,https://bitsane.com/,Bitsane,2018-01-08,2019-06-17,2019-04-08T15:18:18.8301553Z,2019-06-17T11:22:58.1901039Z,146,0,0,0,2019-04-08T15:18:18.8301553Z,2019-06-17T11:22:58.1901039Z,2018-01-08T01:17:20.0000000Z,2019-06-17T11:15:55.0000000Z
BBX,https://bbx.com/,BBX,2019-04-16,2021-05-20,2019-04-16T18:37:21.9447736Z,2021-05-20T17:42:37.5912532Z,53,60544391381,1347940740308,34271047984280,2019-04-16T18:37:21.9447736Z,2020-08-05T14:37:32.7222904Z,2019-04-24T10:43:39.2112112Z,2021-05-20T17:30:04.0966667Z
NERAEXPRO,https://neraex.pro/,Neraex,2019-10-01,2019-11-26,2019-10-01T17:26:58.6632937Z,2019-11-26T10:07:52.1875815Z,17,0,0,0,2019-10-01T17:26:58.6632937Z,2019-11-26T10:07:52.1875815Z,2019-10-01T17:27:25.0000000Z,2019-11-26T10:07:50.0000000Z
MERCATOX,https://mercatox.com,MERCATOX,2018-10-15,2021-05-20,2018-10-15T09:25:26.8771992Z,2021-05-20T17:35:50.9405306Z,788,0,0,0,2018-10-15T09:25:26.8771992Z,2020-08-05T14:38:05.0502632Z,2019-10-01T17:27:25.0000000Z,2019-11-26T10:07:50.0000000Z
LXDX,https://www.lxdx.co,LXDX,2019-04-18,2019-10-29,2019-04-18T12:44:36.0137903Z,2019-10-29T12:59:28.1318347Z,6,0,0,0,2019-04-18T12:44:36.0137903Z,2019-10-29T12:59:28.1318347Z,2019-04-18T18:16:48.5820000Z,2019-06-29T23:56:38.4060000Z
EXX,https://www.exx.com/,EXX,2018-07-21,2020-09-01,2018-10-17T07:33:03.0000000Z,2020-09-01T14:45:40.0000000Z,342,0,0,0,2018-10-17T07:33:03.0000000Z,2019-10-29T09:52:34.0000000Z,2018-07-21T12:25:57.0000000Z,2020-09-01T14:45:19.0000000Z
GDAC,https://www.gdac.com/,GDAC,2019-10-01,2021-05-20,2019-10-01T17:25:23.5736614Z,2021-05-20T17:42:48.4119767Z,57,5684723.79,180207880.4,6337467518,2019-10-01T17:25:23.5736614Z,2020-08-05T14:37:05.5041665Z,2019-10-01T17:25:29.0000000Z,2021-05-20T17:30:04.0966667Z
BW,https://www.bw.com/,BW,2019-02-21,2021-05-20,2019-02-21T13:42:50.9700312Z,2021-05-20T17:42:37.0000000Z,414,29688252.28,885274154.9,16403026852,2019-02-21T13:42:50.9700312Z,2020-08-05T14:37:18.0000000Z,2019-02-21T13:42:47.0000000Z,2021-05-20T17:30:04.0966667Z
BINANCEFTSCUAT,https://www.binance.com/,Binance Futures Testnet (Coin/fapi),2020-08-04,2021-05-20,2020-08-04T11:26:08.7467945Z,2021-05-20T17:37:43.5140000Z,72,0,0,0,2019-02-21T13:42:50.9700312Z,2020-08-05T14:37:18.0000000Z,2020-08-04T11:26:08.3450000Z,2021-05-20T17:30:04.0966667Z
HBTC,https://www.hbtc.com/,HBTC,2020-05-05,2021-05-20,2020-05-05T17:05:00.4421229Z,2021-05-20T17:42:23.3538064Z,438,1718985217,53570745974,1578087529269,2020-05-05T17:05:00.4421229Z,2020-08-05T14:37:25.0943341Z,2020-05-05T17:04:56.5250000Z,2021-05-20T17:30:04.0966667Z
RIGHTBTC,https://www.rightbtc.com/,RIGHTBTC,2019-04-18,2021-05-20,2019-04-18T09:51:49.0932046Z,2021-05-20T17:42:13.8935356Z,72,26528646.49,692489101.2,20183056145,2019-04-18T09:51:49.0932046Z,2020-08-05T14:37:46.8447783Z,2019-04-22T00:43:42.1750000Z,2021-05-20T17:30:04.0966667Z
FREIEXCHANGE,https://freiexchange.com/,FreiExchange,2019-10-01,2020-07-28,2019-10-01T15:06:20.3857783Z,2020-07-28T15:12:53.4807206Z,249,0,0,0,2019-10-01T15:06:20.3857783Z,2020-07-28T15:12:53.4807206Z,2019-04-22T00:43:42.1750000Z,2021-05-20T17:30:04.0966667Z
LOCALTRADE,https://localtrade.cc/,LocalTrade,2019-10-01,2021-04-29,2019-10-01T17:43:34.3583744Z,2021-04-29T09:22:24.4932765Z,138,0,0,0,2019-10-01T17:43:34.3583744Z,2020-08-05T14:37:38.9118373Z,2019-04-22T00:43:42.1750000Z,2021-05-20T17:30:04.0966667Z
BINANCEFTSC,https://www.binance.com/,Binance Futures (Coin/fapi),2020-08-05,2021-05-20,2020-08-05T11:23:05.7002929Z,2021-05-20T17:38:00.6350000Z,70,315962481896,9356845636919,184642672106989,2020-08-05T11:42:37.9971813Z,2020-08-05T14:37:37.0120000Z,2020-08-05T11:23:04.6340000Z,2021-05-20T17:30:04.0966667Z
COINRATE,https://coinrate.net/,Coinrate,2019-10-01,2020-03-20,2019-10-01T17:22:21.2092848Z,2020-03-20T19:29:57.6072267Z,5,0,0,0,2019-10-01T17:22:21.2092848Z,2020-03-20T19:29:57.6072267Z,2020-08-05T11:23:04.6340000Z,2021-05-20T17:30:04.0966667Z
COINSPOT,https://www.coinspot.com.au/,CoinSpot,2019-08-28,2021-05-20,2019-08-28T12:26:19.5200249Z,2021-05-20T17:42:25.4877434Z,14,0,0,0,2019-08-28T12:26:19.5200249Z,2020-08-05T14:37:30.6455145Z,2020-08-05T11:23:04.6340000Z,2021-05-20T17:30:04.0966667Z
CROSSEXCHANGE,https://www.crossexchange.io,CROSS exchange,2020-05-05,2021-05-20,2020-05-05T13:01:30.7450935Z,2021-05-20T17:32:30.2433445Z,55,1163263.51,32553100.06,877198090.3,2020-05-05T13:01:30.7450935Z,2020-08-05T14:37:03.5323331Z,2020-05-05T13:01:39.0000000Z,2021-05-20T17:30:04.0966667Z
HBDM,https://www.hbdm.com/,Huobi DM,2019-07-29,2021-05-20,2019-07-29T23:14:19.8635260Z,2021-05-20T17:42:49.9985617Z,1102,13431483845793,345387742378164,8.55386E+15,2019-07-29T23:14:19.8635260Z,2020-08-05T14:37:20.2915807Z,2019-07-29T23:14:20.0670000Z,2021-05-20T17:30:04.0966667Z
BITHUMBPRO,https://www.bithumb.pro/,Bithumb Global,2019-10-01,2021-05-20,2019-10-01T17:19:26.0681083Z,2021-05-20T17:42:55.0397663Z,378,10457559.29,1495333406,394292111945,2019-10-01T17:19:26.0681083Z,2020-08-05T14:37:06.8527754Z,2019-10-01T17:19:26.0000000Z,2021-05-20T17:30:04.0966667Z
BTSE,https://www.btse.com/,BTSE,2020-05-15,2021-05-20,2020-05-15T00:21:49.5017120Z,2021-05-20T17:42:53.4590512Z,557,0,0,0,2020-05-15T00:21:49.5017120Z,2020-08-05T14:37:15.0747649Z,2019-10-01T17:19:26.0000000Z,2021-05-20T17:30:04.0966667Z
BYBIT,https://www.bybit.com/,Bybit,2019-10-01,2021-05-20,2020-01-01T02:33:23.6004701Z,2021-05-20T17:42:08.1880793Z,17,759374461.8,22590528162,539403705124,2020-01-01T02:33:23.6004701Z,2020-08-05T14:37:25.1924909Z,2019-10-01T00:00:00.7190000Z,2021-05-20T17:30:04.0966667Z
COSS,https://www.coss.io/,COSS,2018-12-07,2020-01-07,2019-04-08T15:18:19.4240000Z,2020-01-07T12:24:01.1100000Z,357,0,0,0,2019-04-08T15:18:19.4240000Z,2020-01-07T12:24:01.1100000Z,2018-12-07T07:16:05.4320000Z,2020-01-07T12:19:12.4380000Z
CPDAX,https://www.cpdax.com/,CPDAX,2019-10-03,2020-11-30,2019-10-03T16:47:47.1334736Z,2020-11-30T05:54:15.7484829Z,35,0,0,0,2019-10-03T16:47:47.1334736Z,2020-08-05T14:37:51.9173186Z,2019-10-03T04:17:57.0000000Z,2020-11-29T22:19:52.0000000Z
TOKENS,https://www.tokens.net/,Tokens.net,2019-10-01,2021-02-16,2019-10-01T17:28:46.7499049Z,2021-02-16T11:14:18.0016893Z,98,0,0,0,2019-10-01T17:28:46.7499049Z,2020-08-05T14:36:51.8682981Z,2019-10-01T17:28:43.0000000Z,2021-02-16T10:59:15.0000000Z
ICE3X,https://ice3x.com/,iCE3X,2019-05-04,2021-04-08,2019-05-05T07:11:44.8183536Z,2021-04-08T16:55:07.0986948Z,26,0,0,0,2019-05-05T07:11:44.8183536Z,2020-08-05T14:37:21.3635916Z,2019-05-04T17:55:31.0000000Z,2021-03-16T12:16:17.0000000Z
CRYPTONBTC,https://cryptonbtc.com/,Crypton,2018-08-27,2021-01-13,2019-04-08T15:29:02.1642974Z,2021-01-13T23:43:43.0250018Z,62,0,0,0,2019-04-08T15:29:02.1642974Z,2020-08-05T11:51:03.5015864Z,2018-08-27T02:08:57.5597020Z,2019-05-14T16:07:49.8054930Z
BITCOINTRADE,https://www.bitcointrade.com.br/,BitcoinTrade,2019-10-01,2021-05-20,2019-10-01T17:19:15.5446323Z,2021-05-20T17:30:00.9400000Z,5,235306.4,2648452.02,43538167.81,2019-10-01T17:19:15.5446323Z,2020-08-05T14:37:55.1169844Z,2019-10-02T02:28:46.7200000Z,2021-05-20T17:30:04.0966667Z
SATO,https://www.satoexchange.com/,SatoExchange,2020-05-05,2021-05-20,2020-05-05T13:18:58.0699561Z,2021-05-20T17:38:49.8369028Z,337,31704.97,445005.72,20558924.2,2020-05-05T13:18:58.0699561Z,2020-08-05T14:37:20.6482049Z,2020-05-10T14:15:58.0000000Z,2021-05-20T17:30:04.0966667Z
LATOKEN,https://latoken.com/,LATOKEN,2018-01-05,2021-05-20,2019-10-01T17:26:06.1223999Z,2021-05-20T17:42:46.2966512Z,1836,829794.72,35795034.11,2129650297,2019-10-01T17:26:06.1223999Z,2020-08-05T14:37:30.4403781Z,2018-01-05T02:36:25.0000000Z,2021-05-20T17:30:04.0966667Z
COINDCX,https://coindcx.com/,CoinDCX,2018-01-05,2021-05-20,2019-10-01T17:26:06.1223999Z,2021-05-20T17:42:46.2966512Z,906,0,0,0,2019-10-01T17:26:06.1223999Z,2020-08-05T14:37:30.4403781Z,2018-01-05T02:36:25.0000000Z,2021-05-20T17:30:04.0966667Z
NOCKS,https://nocks.com/,Nocks,2019-04-06,2020-05-20,2019-04-08T15:28:53.9561591Z,2020-05-20T21:56:30.3136466Z,1,0,0,0,2019-04-08T15:28:53.9561591Z,2020-05-20T21:56:30.3136466Z,2019-04-06T23:07:24.0000000Z,2020-05-20T23:56:28.0000000Z
ALTERDICE,https://alterdice.com/,Alterdice,2019-12-03,2021-05-20,2020-01-01T02:28:28.7290116Z,2020-07-28T15:05:40.6173713Z,234,2980198.12,91099309.77,2742065286,2020-01-01T02:28:28.7290116Z,2020-07-28T15:05:40.6173713Z,2019-12-03T21:48:54.0000000Z,2021-05-20T17:30:04.0966667Z
OKEXKR,https://okex.co.kr,OKEx Korea,2020-01-01,2021-04-16,2020-01-01T02:44:59.0948277Z,2021-04-16T04:00:32.9449256Z,420,0,0,0,2020-01-01T02:44:59.0948277Z,2020-08-05T14:37:56.4298308Z,2020-01-01T02:46:10.5770000Z,2021-04-16T02:25:19.9210000Z
BITEXBOOK,https://bitexbook.com/,BITEXBOOK,2020-05-05,2021-05-20,2020-05-05T13:38:48.4307510Z,2021-05-20T17:42:52.7189493Z,115,0,0,0,2020-05-05T13:38:48.4307510Z,2020-08-05T14:37:11.5553939Z,2020-01-01T02:46:10.5770000Z,2021-04-16T02:25:19.9210000Z
DELTAEXCHANGE,https://www.delta.exchange/,Delta Exchange,2020-05-05,2021-05-20,2020-05-05T13:18:46.2872655Z,2021-05-20T17:30:00.9400000Z,85,0,0,0,2020-05-05T13:18:46.2872655Z,2020-08-05T14:37:23.5227311Z,2020-05-05T13:18:49.0050000Z,2020-11-13T06:30:00.2380000Z
BHEX,https://www.bhex.com/,BHEX,2019-01-21,2021-05-20,2019-01-21T19:18:16.5708674Z,2021-05-20T17:42:54.8918347Z,417,0,0,0,2019-01-21T19:18:16.5708674Z,2020-08-05T14:37:41.0545487Z,2019-01-21T18:55:09.3430000Z,2019-04-17T15:03:51.3580000Z
AAX,https://www.aax.com/,AAX,2020-05-05,2021-05-20,2020-05-05T00:00:00.2223057Z,2021-05-20T17:42:37.2508263Z,120,3416382.16,99477121.4,1941136969,2020-05-05T00:00:00.2223057Z,2020-08-05T14:37:37.9392330Z,2020-05-05T13:01:20.8670000Z,2021-05-20T17:30:04.0966667Z
EXRATES,https://exrates.me/,Exrates,2019-10-01,2021-05-20,2019-10-01T17:41:26.5496979Z,2021-05-20T17:42:08.9990281Z,818,435770.66,12113208.61,304443078.5,2019-10-01T17:41:26.5496979Z,2020-01-17T15:59:43.6243199Z,2019-10-01T00:47:48.0000000Z,2021-05-20T17:30:04.0966667Z
BITIBU,https://bitibu.com/,Bitibu,2018-12-25,2019-12-14,2019-04-08T15:29:13.7997005Z,2019-12-14T12:39:31.6524609Z,125,0,0,0,2019-04-08T15:29:13.7997005Z,2019-12-14T12:39:31.6524609Z,2018-12-25T12:33:12.0000000Z,2019-07-19T06:25:49.0000000Z
CREX24,https://crex24.com/,Crex24,2019-04-08,2021-05-20,2019-04-08T15:17:55.0957550Z,2021-05-20T17:42:44.5401810Z,1646,162818533695636,1.42427E+15,2.35345E+16,2019-04-08T15:17:55.0957550Z,2020-08-05T14:37:27.4505859Z,2019-04-08T15:19:22.0000000Z,2021-05-20T17:30:04.0966667Z
RFINEX,https://rfinex.com/,Rfinex,2019-10-01,2020-11-11,2019-10-01T17:27:40.2095117Z,2020-11-11T01:06:46.0205579Z,63,0,0,0,2019-10-01T17:27:40.2095117Z,2020-08-05T14:38:04.1142269Z,2019-10-01T17:27:42.0000000Z,2020-11-11T01:06:11.0000000Z
DCOIN,https://www.dcoin.com/,Dcoin,2020-05-05,2021-05-20,2020-05-05T13:01:34.7531775Z,2021-05-20T17:42:49.7506682Z,248,735099865.6,24448558133,821533114880,2020-05-05T13:01:34.7531775Z,2020-08-05T14:37:40.7389813Z,2020-05-05T13:01:33.8730000Z,2021-05-20T17:30:04.0966667Z
COINPLACE,https://coinplace.pro/,CoinPlace,2019-10-01,2020-03-19,2019-10-01T17:22:11.6637319Z,2020-03-19T16:08:07.1019022Z,55,0,0,0,2019-10-01T17:22:11.6637319Z,2020-03-19T16:08:07.1019022Z,2020-05-05T13:01:33.8730000Z,2021-05-20T17:30:04.0966667Z
SIMEX,https://simex.global/,SIMEX,2017-11-06,2021-05-20,2019-02-05T23:26:47.3672455Z,2021-05-20T17:30:00.9400000Z,1202,0,101196307.7,4781179269,2019-02-05T23:26:47.3672455Z,2020-08-05T14:37:49.7619143Z,2017-11-06T18:49:43.0000000Z,2021-05-20T17:30:04.0966667Z
BITHESAP,https://www.bithesap.com/,Bithesap,2019-10-01,2021-05-20,2019-10-01T17:36:53.4673826Z,2021-05-20T17:30:00.9400000Z,3,0,0,0,2019-10-01T17:36:53.4673826Z,2020-08-05T14:00:00.2747044Z,2017-11-06T18:49:43.0000000Z,2021-05-20T17:30:04.0966667Z
WAZIRX,https://wazirx.com/,WazirX,2018-07-06,2021-05-20,2019-10-01T17:30:04.4325761Z,2021-05-20T17:42:52.3794329Z,354,0,34374324.15,1013646585,2019-10-01T17:30:04.4325761Z,2020-08-05T14:37:31.4164264Z,2018-07-06T08:56:24.0000000Z,2021-05-20T17:30:04.0966667Z
KRYPTONO,https://kryptono.exchange/,Kryptono,2019-01-03,2021-02-22,2019-04-08T15:19:05.1120000Z,2021-02-22T13:09:43.5570000Z,51,0,0,0,2019-04-08T15:19:05.1120000Z,2020-08-05T14:37:14.7190000Z,2019-01-03T03:11:04.0750000Z,2021-02-03T20:25:13.6550000Z
DOBI,https://www.dobiexchange.com/,DOBI,2019-08-28,2020-07-17,2019-08-28T21:24:35.8550888Z,2020-07-17T02:06:48.0577514Z,99,0,0,0,2019-08-28T21:24:35.8550888Z,2020-07-17T02:06:48.0577514Z,2019-08-28T21:24:36.0000000Z,2020-07-16T23:22:49.0000000Z
AIDOSMARKET,https://aidosmarket.com/,AidosMarket,2019-04-08,2021-02-27,2019-04-08T15:49:37.4273648Z,2021-02-27T13:57:10.2994597Z,1,0,0,0,2019-04-08T15:49:37.4273648Z,2020-08-05T14:37:10.3594511Z,2019-04-08T15:17:18.0000000Z,2021-02-27T13:57:09.0000000Z
UEX,https://www.uex.com/,UEX,2019-03-29,2019-04-30,2019-04-08T15:18:44.0210000Z,2019-04-30T15:42:48.2661048Z,3,0,0,0,2019-04-08T15:18:44.0210000Z,2019-04-30T15:42:48.2661048Z,2019-03-29T10:54:30.0000000Z,2019-04-29T06:31:38.0000000Z
BITRABBIT,https://bitrabbit.com/,Bitrabbit,2019-10-01,2021-05-20,2019-10-01T17:20:03.3672856Z,2021-05-20T17:38:58.5975540Z,185,0,0,0,2019-10-01T17:20:03.3672856Z,2020-08-05T14:37:46.4800848Z,2019-03-29T10:54:30.0000000Z,2019-04-29T06:31:38.0000000Z
BITMART,https://www.bitmart.com/,BitMart,2019-02-21,2020-01-31,2019-02-21T13:39:20.5728310Z,2020-01-31T07:59:03.2329224Z,568,0,0,0,2019-02-21T13:39:20.5728310Z,2020-01-31T07:59:03.2329224Z,2019-02-21T13:39:20.9020000Z,2020-01-31T07:59:19.4880000Z
SWITCHEO,https://switcheo.network/,Switcheo Network,2019-04-18,2021-05-20,2019-04-18T12:50:23.1966422Z,2021-05-20T17:42:27.9648243Z,224,0,0,1312656.52,2019-04-18T12:50:23.1966422Z,2020-08-05T14:37:16.8402191Z,2019-04-18T12:50:27.0000000Z,2021-04-30T12:53:39.0000000Z
CURRENCYCOM,https://currency.com/,Currency.com,2020-05-05,2020-08-05,2020-05-05T16:17:24.5303681Z,2020-08-05T11:47:54.6991358Z,1049,0,0,0,2020-05-05T16:17:24.5303681Z,2020-08-05T11:47:54.6991358Z,2020-05-10T14:48:06.1890000Z,2020-08-05T11:43:46.0140000Z
STEX,https://www.stex.com/,STEX,2019-01-27,2020-02-13,2019-01-28T11:54:44.3898047Z,2020-02-13T09:35:17.5065012Z,617,0,0,0,2019-01-28T11:54:44.3898047Z,2020-02-13T09:35:17.5065012Z,2019-01-27T18:48:16.0000000Z,2020-02-13T09:34:29.0000000Z
BINANCEDEX,https://www.binance.org/,Binance DEX,2019-10-24,2021-05-20,2019-10-24T17:06:37.0000000Z,2021-05-20T17:42:44.7124096Z,275,1344557.04,226327201.4,14383231444,2019-10-24T17:06:37.0000000Z,2020-08-05T14:37:50.9635229Z,2019-10-24T17:06:53.4330000Z,2021-05-20T17:30:04.0966667Z
DEXTOP,https://dex.top/,DEx.top,2019-05-10,2020-05-10,2019-10-01T17:23:50.9496930Z,2020-05-10T22:02:52.5421746Z,27,0,0,0,2019-10-01T17:23:50.9496930Z,2020-05-10T22:02:52.5421746Z,2019-05-10T09:09:46.5540000Z,2020-04-26T14:27:20.0760000Z
COINMEX,https://www.coinmex.com/,CoinMex,2018-07-04,2020-03-03,2019-04-08T15:19:05.2653890Z,2020-03-03T23:49:26.9246506Z,63,0,0,0,2019-04-08T15:19:05.2653890Z,2020-03-03T23:49:26.9246506Z,2018-07-04T02:35:28.0000000Z,2020-02-26T08:11:46.7230000Z
BINANCEFTSUAT,https://www.binance.com/,Binance Futures Testnet (USDT/dapi),2020-08-04,2021-05-20,2020-08-04T11:26:07.1305490Z,2021-05-20T17:43:26.8060000Z,128,0,0,0,2019-04-08T15:19:05.2653890Z,2020-03-03T23:49:26.9246506Z,2020-08-04T11:26:06.5310000Z,2021-05-20T17:30:04.0966667Z
BIKI,https://www.biki.com/,BiKi,2019-10-01,2021-05-20,2019-10-01T15:06:19.1645252Z,2021-05-20T17:42:52.0763533Z,837,147197654.9,6198935926,125816094006,2019-10-01T15:06:19.1645252Z,2020-08-05T14:37:49.8082198Z,2019-10-01T15:06:20.7990000Z,2021-05-20T17:30:04.0966667Z
TRADEOGRE,https://tradeogre.com/,TradeOgre,2019-04-08,2021-05-20,2019-04-08T15:18:03.9093034Z,2021-05-20T17:42:46.4738343Z,121,24006518180876,1.03157E+15,9.1012E+15,2019-04-08T15:18:03.9093034Z,2020-08-05T14:37:54.8372325Z,2019-04-08T15:19:17.0000000Z,2021-05-20T17:30:04.0966667Z
BISQ,https://bisq.network/,Bisq,2020-01-01,2021-05-20,2020-01-01T02:29:21.8875956Z,2021-05-20T17:30:00.9400000Z,276,0,0,0,2020-01-01T02:29:21.8875956Z,2020-08-05T14:37:25.5791398Z,2019-04-08T15:19:17.0000000Z,2021-05-20T17:30:04.0966667Z
COINDEAL,https://coindeal.com/,Coindeal,2019-10-01,2021-05-20,2019-10-01T17:21:35.0250361Z,2021-05-20T17:42:00.8586498Z,52,0,0,0,2019-10-01T17:21:35.0250361Z,2020-08-05T14:37:37.7718486Z,2019-04-08T15:19:17.0000000Z,2021-05-20T17:30:04.0966667Z
VELIC,https://www.velic.io/,VELIC,2019-10-01,2021-05-20,2019-10-01T17:47:07.3706738Z,2021-05-20T17:31:41.7173430Z,50,0,0,0,2019-10-01T17:47:07.3706738Z,2020-08-05T14:37:52.2971168Z,2019-04-08T15:19:17.0000000Z,2021-05-20T17:30:04.0966667Z
CRYPTALDASH,https://www.cryptaldash.com/,CryptalDash,2018-08-13,2021-05-20,2019-04-08T15:18:06.5579239Z,2021-05-20T17:30:00.9400000Z,641,0,0,418.11,2019-04-08T15:18:06.5579239Z,2020-08-05T14:37:56.5139509Z,2018-08-13T18:04:30.0000000Z,2021-04-29T07:37:36.0000000Z
COINSPRO,https://pro.coins.asia/,Coins Pro,2018-03-09,2021-05-20,2018-11-08T20:09:36.9821552Z,2021-05-20T17:32:03.4520000Z,14,30898.25,1688947.53,54282577.13,2018-11-08T20:09:36.9821552Z,2020-08-05T14:37:41.4030000Z,2018-03-09T21:32:41.4920000Z,2021-05-20T17:30:04.0966667Z
CHAOEX,https://www.chaoex.com,CHAOEX,2019-06-03,2020-09-05,2019-10-01T17:21:35.3589807Z,2020-09-05T22:55:32.9797584Z,118,0,0,0,2019-10-01T17:21:35.3589807Z,2020-08-05T11:47:36.3935768Z,2019-06-03T05:55:23.0000000Z,2020-09-04T02:09:10.2060000Z
BITBANK,https://bitbank.cc/,Bitbank,2018-09-09,2021-05-20,2018-09-09T12:57:18.2867320Z,2021-05-20T17:32:09.5821236Z,8,7432020.89,355664125.3,5433885313,2018-09-09T12:57:18.2867320Z,2020-08-05T14:37:46.5011156Z,2018-09-09T05:09:30.0640000Z,2021-05-20T17:30:04.0966667Z
BINANCEOPTV,https://www.binance.com/,Binance Options Vanilla (vapi),2021-02-18,2021-05-20,2021-02-18T15:49:50.5520000Z,2021-05-20T17:30:00.9400000Z,388,0,40164441.6,2357186867,2018-09-09T12:57:18.2867320Z,2020-08-05T14:37:46.5011156Z,2021-02-18T15:54:15.7320000Z,2021-05-20T17:30:04.0966667Z
BKEX,https://www.bkex.com/,BKEX,2019-10-01,2021-05-20,2019-10-01T17:20:16.3599703Z,2021-05-20T17:42:53.0455968Z,741,26234318.87,1216902603,30336196923,2019-10-01T17:20:16.3599703Z,2020-08-05T14:37:17.2422143Z,2019-10-01T17:20:22.6600000Z,2021-05-20T17:30:04.0966667Z
STORMGAIN,https://stormgain.com,StormGain,2020-05-05,2021-05-20,2020-05-05T16:16:25.3897239Z,2021-05-20T17:30:00.9400000Z,18,0,0,0,2020-05-05T16:16:25.3897239Z,2020-08-05T14:38:35.2210565Z,2020-05-05T16:18:27.3070000Z,2020-07-15T07:53:36.6590000Z
C2CX,https://www.c2cx.com/,C2CX,2019-04-08,2021-05-20,2019-04-08T15:17:57.0000000Z,2021-05-20T17:30:00.9400000Z,89,0,0,0,2019-04-08T15:17:57.0000000Z,2020-08-05T14:37:23.0000000Z,2020-05-05T16:18:27.3070000Z,2020-07-15T07:53:36.6590000Z
BIONE,https://www.bione.cc/,Bione,2020-05-05,2020-08-01,2020-05-05T13:01:28.7115175Z,2020-08-01T02:14:43.3449226Z,64,0,0,0,2020-05-05T13:01:28.7115175Z,2020-08-01T02:14:43.3449226Z,2020-05-05T16:18:27.3070000Z,2020-07-15T07:53:36.6590000Z
RADARRELAY,https://radarrelay.com/,Radar Relay,2019-10-01,2020-01-06,2019-10-01T17:27:42.1386007Z,2020-01-06T17:42:11.8769664Z,50,0,0,0,2019-10-01T17:27:42.1386007Z,2020-01-06T17:42:11.8769664Z,2020-05-05T16:18:27.3070000Z,2020-07-15T07:53:36.6590000Z
HUOBIJP,https://www.huobi.co.jp/,Huobi Japan,2020-05-15,2021-05-20,2020-05-15T00:21:26.6308783Z,2021-05-20T17:42:20.7464029Z,28,15383491.84,685800065.4,10258968774,2020-05-15T00:21:26.6308783Z,2020-08-05T14:37:23.0317694Z,2020-05-15T00:21:28.5480000Z,2021-05-20T17:30:04.0966667Z
ALTCOINTRADER,https://www.altcointrader.co.za/,Altcoin Trader,2019-04-08,2021-05-20,2019-04-08T15:19:06.0909149Z,2021-05-20T17:42:53.8145660Z,29,0,0,0,2019-04-08T15:19:06.0909149Z,2020-08-05T14:37:23.4295349Z,2020-05-15T00:21:28.5480000Z,2021-05-20T17:30:04.0966667Z
KYBER,https://kyber.network/,Kyber Network,2019-10-01,2021-05-20,2019-10-01T17:26:10.2358153Z,2021-05-20T17:42:03.5949284Z,125,0,0,0,2019-10-01T17:26:10.2358153Z,2020-08-05T14:38:03.8899762Z,2020-05-15T00:21:28.5480000Z,2021-05-20T17:30:04.0966667Z
COINLIM,https://www.coinlim.com/,Coinlim,2019-10-01,2020-06-23,2019-10-01T17:21:49.2472129Z,2020-06-23T10:00:04.7006628Z,111,0,0,0,2019-10-01T17:21:49.2472129Z,2020-06-23T10:00:04.7006628Z,2020-05-15T00:21:28.5480000Z,2021-05-20T17:30:04.0966667Z
BCEX,https://www.bcex.ca/,BCEX,2019-02-21,2019-10-01,2019-02-21T13:34:20.6475263Z,2019-10-01T16:57:33.4731161Z,21173,0,0,0,2019-02-21T13:34:20.6475263Z,2019-10-01T16:57:33.4731161Z,2020-05-15T00:21:28.5480000Z,2021-05-20T17:30:04.0966667Z
XBTCE,https://www.xbtce.com/,xBTCe,2017-03-18,2021-05-20,2017-03-18T22:49:12.8140463Z,2021-05-20T17:42:51.0120890Z,119,0,0,0,2017-03-18T22:49:12.8140463Z,2020-08-05T14:37:51.9909820Z,2020-05-15T00:21:28.5480000Z,2021-05-20T17:30:04.0966667Z
TIMEX,https://timex.io/,TimeX,2020-05-05,2021-05-20,2020-05-05T13:18:39.4245701Z,2021-05-20T17:41:44.5692838Z,28,5094426.49,40852780.91,1567550594,2020-05-05T13:18:39.4245701Z,2020-08-05T14:37:47.5148079Z,2020-05-05T13:19:07.0000000Z,2021-05-20T17:30:04.0966667Z
BINANCEJEX,https://www.jex.com/en,Binance JEX,2020-05-05,2021-05-20,2020-05-05T00:00:00.7244920Z,2021-05-20T17:42:29.1650000Z,159,1046461.39,26488732.89,135724818.5,2020-05-05T00:00:00.7244920Z,2020-08-05T14:37:12.2900000Z,2020-05-05T16:17:15.0780000Z,2021-05-20T17:30:04.0966667Z
FISCO,https://fcce.jp/,Fisco,2018-09-03,2020-02-07,2019-04-08T15:17:45.9541523Z,2020-02-07T00:58:56.7924991Z,5,0,0,0,2019-04-08T15:17:45.9541523Z,2020-02-07T00:58:56.7924991Z,2018-09-03T17:55:35.0000000Z,2020-02-06T22:47:17.0000000Z
P2PB2B,https://p2pb2b.io/,p2pb2b,2018-10-26,2020-12-10,2019-04-08T15:19:03.3086962Z,2020-12-10T13:54:17.1188891Z,1480,0,0,0,2019-04-08T15:19:03.3086962Z,2020-08-05T14:37:07.1688497Z,2018-10-26T06:54:25.8040000Z,2020-12-10T13:52:56.1510000Z
OPENLEDGER,https://dex.openledger.io/,OpenLedger DEX,2017-10-08,2020-06-28,2019-04-08T15:18:00.4299525Z,2020-06-28T13:29:23.7642737Z,558,0,0,0,2019-04-08T15:18:00.4299525Z,2020-06-28T13:29:23.7642737Z,2017-10-08T21:10:39.0000000Z,2020-04-20T21:14:45.0000000Z
BINANCEJE,https://www.binance.je/,Binance Jersey,2019-10-09,2020-11-10,2019-10-09T13:14:59.9761514Z,2020-11-10T00:02:46.1790000Z,11,0,0,0,2019-10-09T13:14:59.9761514Z,2020-08-05T14:37:19.9450000Z,2019-10-09T13:45:10.0350000Z,2020-11-09T23:57:04.2510000Z
GRAVIEX,https://graviex.net/,Graviex,2018-05-23,2021-05-20,2019-04-08T15:18:05.3893240Z,2021-05-20T17:42:20.0805677Z,799,10926.43,2363320.44,4.94217E+15,2019-04-08T15:18:05.3893240Z,2020-08-05T14:37:51.6671831Z,2018-05-23T17:26:19.0000000Z,2021-05-20T17:30:04.0966667Z
TIDEBIT,https://www.tidebit.com/,Tidebit,2019-10-01,2021-05-20,2019-10-01T17:28:35.1764139Z,2021-05-20T17:41:49.4213890Z,52,0,1539291.95,34383031.5,2019-10-01T17:28:35.1764139Z,2020-08-05T14:37:23.7822195Z,2019-10-01T11:58:38.0000000Z,2021-05-20T17:30:04.0966667Z
ALLBIT,https://allbit.com/,Allbit,2020-01-01,2021-03-29,2020-01-01T02:28:44.9223852Z,2021-03-29T00:17:56.0508030Z,35,0,0,0,2020-01-01T02:28:44.9223852Z,2020-08-05T11:55:48.8559303Z,2019-10-01T11:58:38.0000000Z,2021-05-20T17:30:04.0966667Z
FCOIN,https://www.fcoin.com/,FCoin,2018-10-03,2020-02-10,2019-10-01T17:24:08.7882764Z,2020-02-10T15:47:33.0936056Z,324,0,0,0,2019-10-01T17:24:08.7882764Z,2020-02-10T15:47:33.0936056Z,2018-10-03T05:40:33.0850000Z,2020-02-10T15:47:39.9870000Z
CASHIEREST,https://www.cashierest.com/,Cashierest,2019-02-08,2020-03-12,2019-02-08T07:59:20.3268409Z,2020-03-12T06:14:51.6178446Z,150,0,0,0,2019-02-08T07:59:20.3268409Z,2020-03-12T06:14:51.6178446Z,2018-10-03T05:40:33.0850000Z,2020-02-10T15:47:39.9870000Z
ARTISTURBA,https://artisturba.com/,Artis Turba,2020-05-10,2021-05-20,2020-09-07T14:37:09.4097145Z,2021-05-20T17:31:58.3764382Z,32,0,115.89,839880.65,2019-02-08T07:59:20.3268409Z,2020-03-12T06:14:51.6178446Z,2020-05-10T15:22:13.0000000Z,2021-05-20T17:30:04.0966667Z
BITRUE,https://www.bitrue.com/,Bitrue,2019-02-08,2021-05-20,2019-02-08T09:08:55.5368722Z,2021-05-20T17:42:54.3071022Z,420,0,0,0,2019-02-08T09:08:55.5368722Z,2020-08-05T14:37:24.0861042Z,2020-05-10T15:22:13.0000000Z,2021-05-20T17:30:04.0966667Z
SATANGPRO,https://satang.pro/,Satang Pro,2019-04-08,2021-05-20,2019-04-08T20:44:37.6240192Z,2021-05-20T17:36:06.3679111Z,7,0,0,0,2019-04-08T20:44:37.6240192Z,2020-08-05T14:37:42.4277353Z,2020-05-10T15:22:13.0000000Z,2021-05-20T17:30:04.0966667Z
COINEXCHANGE,https://www.coinexchange.io/,CoinExchange,2018-01-24,2019-12-04,2018-01-24T00:21:57.1628343Z,2019-12-04T03:12:24.7087885Z,1648,0,0,0,2018-01-24T00:21:57.1628343Z,2019-12-04T03:12:24.7087885Z,2020-05-10T15:22:13.0000000Z,2021-05-20T17:30:04.0966667Z
CRYPTOMATE,https://cryptomate.co.uk/,Cryptomate,2019-10-03,2021-05-20,2019-10-03T16:48:07.4935476Z,2021-05-20T17:36:56.4381239Z,34,0,0,0,2019-10-03T16:48:07.4935476Z,2020-08-05T14:33:50.7922532Z,2020-05-10T15:22:13.0000000Z,2021-05-20T17:30:04.0966667Z
COINUT,https://coinut.com/,Coinut,2019-04-23,2021-05-20,2019-04-23T10:02:37.6631490Z,2021-05-20T17:40:29.3882957Z,39,0,1291.66,8521.02,2019-04-23T10:02:37.6631490Z,2020-08-05T14:34:50.6334460Z,2019-04-25T01:25:06.8750000Z,2021-05-20T17:30:04.0966667Z
NOVADAX,http://www.novadax.com.br/,NovaDAX,2020-05-05,2021-05-20,2020-05-05T00:00:00.7917541Z,2021-05-20T17:42:36.8504132Z,115,786633.51,16561166.14,420734438.5,2020-05-05T00:00:00.7917541Z,2020-08-05T14:37:13.6080686Z,2020-05-05T13:39:05.4790000Z,2021-05-20T17:30:04.0966667Z
VALR,https://www.valr.com/,Valr,2020-12-17,2021-05-20,2020-12-17T22:46:18.0202663Z,2021-05-20T17:39:05.9522490Z,121,0,0,0,2020-05-05T00:00:00.7917541Z,2020-08-05T14:37:13.6080686Z,2020-05-05T13:39:05.4790000Z,2021-05-20T17:30:04.0966667Z
BINANCEFTS,https://www.binance.com/,Binance Futures (USDT/dapi),2019-10-07,2021-05-20,2019-10-07T08:45:23.0951195Z,2021-05-20T17:42:52.0790000Z,122,3860557796,109967209735,1806605661731,2019-10-07T08:45:23.0951195Z,2020-08-05T14:37:51.3000000Z,2019-10-07T08:30:21.2620000Z,2021-05-20T17:30:04.0966667Z
INFINITYCOIN,https://infinitycoin.exchange/,InfinityCoin Exchange,2019-10-01,2020-07-28,2019-10-01T17:47:26.8021370Z,2020-07-28T07:06:11.7867418Z,1,0,0,0,2019-10-01T17:47:26.8021370Z,2020-07-28T07:06:11.7867418Z,2019-10-07T08:30:21.2620000Z,2021-05-20T17:30:04.0966667Z
MODIAX,https://www.modiax.com/,MODIAX,2018-10-24,2021-03-29,2019-02-05T23:23:14.0000000Z,2021-03-29T14:59:29.0000000Z,7,0,0,0,2019-02-05T23:23:14.0000000Z,2020-08-05T11:54:40.0000000Z,2018-10-24T11:15:21.0000000Z,2021-03-20T19:30:49.0000000Z
ZEBPAY,https://www.zebapi.com/,Zebpay,2019-02-08,2021-05-20,2019-02-08T10:06:08.6901996Z,2021-05-20T17:42:39.9449568Z,59,0,0,0,2019-02-08T10:06:08.6901996Z,2020-08-05T14:37:12.6472345Z,2018-10-24T11:15:21.0000000Z,2021-03-20T19:30:49.0000000Z
ETHFINEX,https://www.ethfinex.com/,Ethfinex,2019-10-01,2020-07-25,2019-10-01T17:23:55.4003231Z,2020-07-25T18:40:58.6456707Z,423,0,0,0,2019-10-01T17:23:55.4003231Z,2020-07-25T18:40:58.6456707Z,2018-10-24T11:15:21.0000000Z,2021-03-20T19:30:49.0000000Z
COINTIGER,https://www.cointiger.com/,CoinTiger,2018-11-20,2020-07-28,2018-11-20T15:24:51.7878874Z,2020-07-28T15:11:31.8052057Z,343,0,0,0,2018-11-20T15:24:51.7878874Z,2020-07-28T15:11:31.8052057Z,2018-11-20T15:24:51.0020000Z,2020-07-28T15:12:34.0000000Z
DDEX,https://ddex.io/,DDEX,2019-01-22,2021-04-08,2019-01-22T20:19:06.9087747Z,2021-04-08T02:27:27.9181011Z,415,0,0,0,2019-01-22T20:19:06.9087747Z,2020-08-05T14:37:46.3814907Z,2020-05-05T13:18:46.0000000Z,2021-04-05T06:10:34.0000000Z
VINDAX,https://vindax.com/,VinDAX,2019-08-05,2021-05-20,2019-10-14T22:47:16.7528901Z,2021-05-20T17:41:17.5671044Z,1187,1583536.15,65115369.34,2866799348,2019-10-14T22:47:16.7528901Z,2020-08-05T14:27:20.9232176Z,2019-08-05T11:13:36.0000000Z,2021-05-20T17:30:04.0966667Z
POLONIEXFTS,https://poloniex.com/futures,Poloniex Futures,2021-02-18,2021-05-20,2021-02-18T15:52:43.4041116Z,2021-05-20T17:30:00.9400000Z,15,0,0,131985358981,2019-10-14T22:47:16.7528901Z,2020-08-05T14:27:20.9232176Z,2021-02-18T15:52:49.4640000Z,2021-05-20T17:30:04.0966667Z
MANDALA,https://www.mandala.exchange/,Mandala,2021-03-12,2021-05-20,2021-03-12T23:31:27.1769842Z,2021-05-20T17:42:55.5570000Z,1033,1463632110759,51418123586315,3.59164E+15,2019-10-14T22:47:16.7528901Z,2020-08-05T14:27:20.9232176Z,2021-03-12T23:31:26.1980000Z,2021-05-20T17:30:04.0966667Z
IDAX,https://www.idax.pro/,IDAX,2019-02-03,2020-05-29,2019-02-05T23:28:43.4514691Z,2020-05-29T22:56:36.7453273Z,432,0,0,0,2019-02-05T23:28:43.4514691Z,2020-05-29T22:56:36.7453273Z,2019-02-03T15:53:24.0000000Z,2019-04-17T15:03:49.5200000Z
BITEXLIVE,https://bitexlive.com/,BITEXLIVE,2020-05-16,2021-05-20,2020-05-16T07:45:06.0671899Z,2021-05-20T17:30:00.9400000Z,140,17427.27,59784.83,15136761.19,2020-05-16T07:45:06.0671899Z,2020-08-05T14:36:04.5929394Z,2020-05-16T07:46:49.0000000Z,2021-05-20T17:30:04.0966667Z
CATEX,https://www.catex.io/,Cat.Ex,2019-07-13,2021-05-20,2019-10-01T17:21:04.4309552Z,2021-05-20T17:42:54.5231800Z,356,0,0,418526174.7,2019-10-01T17:21:04.4309552Z,2020-08-05T14:37:29.3958869Z,2019-07-13T19:31:59.0000000Z,2021-05-20T17:30:04.0966667Z
SISTEMKOIN,https://sistemkoin.com/,Sistemkoin,2019-04-08,2021-04-14,2019-04-08T15:17:55.3330949Z,2021-04-14T14:25:52.8685566Z,735,0,0,0,2019-04-08T15:17:55.3330949Z,2020-08-05T14:38:33.4327540Z,2019-07-13T19:31:59.0000000Z,2021-05-20T17:30:04.0966667Z
BITEXLA,https://bitex.la/,Bitex.la,2019-04-08,2021-05-20,2019-04-08T15:29:16.9647231Z,2021-05-20T17:38:14.0638578Z,6,7859,1028600.22,18552605.23,2019-04-08T15:29:16.9647231Z,2020-08-05T14:37:07.8179075Z,2019-04-08T17:16:25.0000000Z,2021-05-20T17:30:04.0966667Z
HANBITCO,https://www.hanbitco.com/,Hanbitco,2019-10-01,2021-03-15,2019-10-01T17:24:58.8944166Z,2021-03-15T13:45:16.9568093Z,13,0,0,0,2019-10-01T17:24:58.8944166Z,2020-08-05T14:37:17.5726521Z,2019-04-08T17:16:25.0000000Z,2021-05-20T17:30:04.0966667Z
COINALL,https://www.coinall.com/,Coinall,2019-04-18,2021-03-12,2019-04-18T12:50:27.7633096Z,2021-03-12T06:24:29.1724413Z,540,0,0,0,2019-04-18T12:50:27.7633096Z,2020-08-05T14:37:12.2417707Z,2019-04-18T12:50:29.0000000Z,2021-03-12T06:23:25.0000000Z
COINSBANK,https://coinsbank.com/,CoinsBank,2019-10-01,2021-05-20,2019-10-01T17:22:29.5082903Z,2021-05-20T17:30:00.9400000Z,12,0,127.39,3709.61,2019-10-01T17:22:29.5082903Z,2020-08-05T14:37:50.2732269Z,2019-10-01T17:22:34.0000000Z,2021-05-20T17:30:04.0966667Z
CRYPTOLOGY,https://cryptology.com/,Cryptology,2019-10-01,2021-05-20,2019-10-01T17:23:08.0259193Z,2021-05-20T17:40:53.4976850Z,45,1241773.3,56243334.83,927109687.1,2019-10-01T17:23:08.0259193Z,2020-08-05T14:37:35.9555646Z,2019-10-01T17:23:20.2680000Z,2021-05-20T17:30:04.0966667Z
EXTSTOCK,https://extstock.com/,ExtStock,2019-10-01,2021-05-20,2019-10-01T17:41:41.4274475Z,2021-05-20T17:42:55.1978566Z,120,0,3490470310,123267985013,2019-10-01T17:41:41.4274475Z,2020-08-05T14:37:53.8312646Z,2019-10-01T12:11:54.0000000Z,2021-05-20T17:30:04.0966667Z
CRYPTONEX,https://cryptonex.org/,Cryptonex,2019-10-01,2021-05-20,2019-10-01T17:40:30.8965882Z,2021-05-20T17:42:23.7327332Z,20,0,0,0,2019-10-01T17:40:30.8965882Z,2020-08-05T14:37:36.5297879Z,2019-10-01T12:11:54.0000000Z,2021-05-20T17:30:04.0966667Z
COINFALCON,https://coinfalcon.com/,CoinFalcon,2020-01-01,2020-07-28,2020-01-01T02:34:50.8246788Z,2020-07-28T14:42:02.7740794Z,34,0,0,0,2020-01-01T02:34:50.8246788Z,2020-07-28T14:42:02.7740794Z,2019-10-01T12:11:54.0000000Z,2021-05-20T17:30:04.0966667Z
TRADEIO,https://exchange.trade.io/,Trade.io,2018-10-09,2019-10-28,2019-04-08T15:29:00.9938327Z,2019-10-28T16:25:39.1165960Z,126,0,0,0,2019-04-08T15:29:00.9938327Z,2019-10-28T16:25:39.1165960Z,2018-10-09T01:15:09.8490000Z,2019-10-28T16:07:46.9660000Z
LITEBIT,https://www.litebit.eu/,LiteBit.eu,2019-10-01,2021-05-20,2019-10-01T17:26:19.9865465Z,2021-05-20T17:42:35.1584772Z,66,0,0,0,2019-10-01T17:26:19.9865465Z,2020-08-05T14:38:06.5604509Z,2018-10-09T01:15:09.8490000Z,2019-10-28T16:07:46.9660000Z
KOINIM,https://koinim.com/,Koinim,2019-10-03,2021-05-20,2019-10-03T16:53:12.4213468Z,2021-05-20T17:40:02.1813708Z,6,0,0,0,2019-10-03T16:53:12.4213468Z,2020-08-05T14:35:42.2647481Z,2018-10-09T01:15:09.8490000Z,2019-10-28T16:07:46.9660000Z
LBANK,https://www.lbank.info/,LBank,2018-08-26,2021-05-20,2019-02-05T23:23:14.7624695Z,2021-05-20T17:42:48.1789888Z,635,281.54,726641.54,118146898.3,2019-02-05T23:23:14.7624695Z,2020-08-05T14:37:07.4780846Z,2018-08-26T14:38:37.4660000Z,2021-05-20T17:30:04.0966667Z
TRADESATOSHI,https://tradesatoshi.com/,Trade Satoshi,2017-07-06,2020-02-22,2019-04-08T15:18:19.6286531Z,2020-02-22T01:31:17.2872442Z,1582,0,0,0,2019-04-08T15:18:19.6286531Z,2020-02-22T01:31:17.2872442Z,2017-07-06T11:41:31.3030000Z,2020-02-22T01:25:10.7870000Z
HUOBIRU,http://huobi.com.ru/,Huobi Russia,2020-07-28,2020-12-11,2020-07-28T15:17:33.0948743Z,2020-12-11T11:01:42.5251976Z,468,0,0,0,2020-07-28T15:17:33.0948743Z,2020-08-05T14:37:54.0501603Z,2020-07-28T15:17:33.3710000Z,2020-12-11T11:01:31.7520000Z
OVIS,https://www.ovis.com.tr/,Ovis,2019-04-08,2020-05-19,2019-04-08T15:18:03.8366018Z,2020-05-19T22:23:52.5115974Z,17,0,0,0,2019-04-08T15:18:03.8366018Z,2020-05-19T22:23:52.5115974Z,2019-04-08T15:28:37.8810000Z,2019-05-02T09:59:01.3990000Z
BTCEXCHANGE,https://www.btc-exchange.com/,BTC-exchange,2020-05-05,2021-05-20,2020-05-05T13:01:35.2866584Z,2021-05-20T17:42:37.1398480Z,7,9295.9,817267.91,6868659.47,2020-05-05T13:01:35.2866584Z,2020-08-05T14:37:06.6531791Z,2020-05-10T23:07:35.0000000Z,2021-05-20T17:30:04.0966667Z
BITBNS,https://bitbns.com/,Bitbns,2019-10-01,2021-05-20,2019-10-01T17:19:09.0483960Z,2021-05-20T17:40:42.2244718Z,31,0,0,0,2019-10-01T17:19:09.0483960Z,2020-08-05T14:35:36.1770418Z,2020-05-10T23:07:35.0000000Z,2021-05-20T17:30:04.0966667Z
BITSHARES,http://cryptofresh.com/,BitShares Asset Exchange,2019-10-01,2020-03-31,2019-10-01T17:20:06.6867229Z,2020-03-31T00:15:41.8515575Z,541,0,0,0,2019-10-01T17:20:06.6867229Z,2020-03-31T00:15:41.8515575Z,2020-05-10T23:07:35.0000000Z,2021-05-20T17:30:04.0966667Z
BITHUMBSG,https://www.bithumbsg.com,Bithumb Singapore,2020-01-01,2021-05-20,2020-01-01T02:31:03.5760497Z,2021-05-20T17:37:20.7853642Z,31,61332.04,1203206.23,44076757.12,2020-01-01T02:31:03.5760497Z,2020-08-05T14:37:13.7842789Z,2020-01-01T10:31:05.9713530Z,2021-05-20T17:30:04.0966667Z
CRYPTOMKT,https://www.cryptomkt.com/,CryptoMarket,2019-04-08,2021-05-20,2019-04-08T15:18:05.5157450Z,2021-05-20T17:42:36.9147988Z,20,254504.51,6589519.76,102040374.5,2019-04-08T15:18:05.5157450Z,2020-08-05T14:37:36.7935583Z,2019-04-08T15:22:54.8750640Z,2021-05-20T17:30:04.0966667Z
BIRAKE,https://birake.com/,Birake Network,2021-02-18,2021-05-20,2021-02-18T15:49:30.3361085Z,2021-05-20T17:30:28.3588247Z,124,122.26,31387.86,1503421.2,2019-04-08T15:18:05.5157450Z,2020-08-05T14:37:36.7935583Z,2021-02-18T15:50:08.0000000Z,2021-05-20T17:30:04.0966667Z
ZB,https://www.zb.com/,ZB,2018-12-29,2020-09-21,2019-02-19T17:05:16.1489961Z,2020-09-16T19:55:55.2073559Z,297,0,0,0,2019-02-19T17:05:16.1489961Z,2020-08-05T14:37:07.0698949Z,2018-12-29T16:50:07.0000000Z,2020-09-21T10:53:11.0000000Z
CITEX,https://www.citex.co.kr/,CITEX,2020-05-05,2021-04-06,2020-05-05T17:04:32.3132572Z,2021-04-06T06:59:59.2480904Z,16,0,0,0,2020-05-05T17:04:32.3132572Z,2020-08-05T10:09:58.3303891Z,2020-05-05T17:04:38.2630000Z,2021-04-06T06:58:41.0830000Z
ZBG,https://www.zbg.com/,ZBG,2019-04-24,2021-05-20,2019-04-24T11:35:18.3537588Z,2021-05-20T17:42:55.2836372Z,434,0,0,0,2019-04-24T11:35:18.3537588Z,2020-08-05T14:37:05.3883892Z,2019-04-24T11:35:18.0000000Z,2020-07-28T15:22:30.0000000Z
BGOGO,https://bgogo.com/,Bgogo,2019-04-08,2021-05-20,2019-04-08T15:17:59.1913899Z,2021-05-20T17:40:18.1995329Z,89,512790290837,12786031417310,379750818492146,2019-04-08T15:17:59.1913899Z,2020-08-05T14:36:51.8279280Z,2019-04-08T15:18:00.0000000Z,2021-05-20T17:30:04.0966667Z
TRIVPRO,https://tpro.co.id/,Triv Pro,2020-05-05,2021-05-20,2020-05-05T17:04:30.5388591Z,2021-05-20T17:40:54.9016847Z,12,3424713.41,83083407.67,2392613867,2020-05-05T17:04:30.5388591Z,2020-08-05T14:37:54.7465729Z,2020-05-05T17:05:10.0000000Z,2021-05-20T17:30:04.0966667Z
TOKOK,https://www.tokok.com,TokTok,2019-04-08,2021-05-20,2019-04-08T15:19:02.7190000Z,2021-05-20T17:42:27.8610000Z,209,9000049.63,254094556.6,7577347003,2019-04-08T15:19:02.7190000Z,2020-08-05T14:37:53.9614353Z,2019-04-08T15:21:45.0000000Z,2021-05-20T17:30:04.0966667Z
INDOEX,https://international.indoex.io/,IndoEx,2020-05-05,2021-05-20,2020-05-05T00:00:10.1717932Z,2021-05-20T17:42:55.9931788Z,1785,1168096.24,84039612.65,3337105666,2020-05-05T00:00:10.1717932Z,2020-08-05T14:37:15.1681033Z,2020-05-05T13:21:04.0000000Z,2021-05-20T17:30:04.0966667Z
FEX,http://fexpro.net/,FEX,2020-05-05,2021-03-23,2020-05-05T00:03:05.2148611Z,2021-03-23T23:29:29.5061008Z,68,0,0,0,2020-05-05T00:03:05.2148611Z,2020-08-05T14:37:48.4597666Z,2020-05-14T11:56:03.0000000Z,2021-02-24T16:00:31.0000000Z
BASEFEX,https://www.basefex.com/,BaseFEX,2020-05-05,2021-05-20,2020-05-05T00:00:00.3622353Z,2021-05-20T17:33:20.1983693Z,12,34713369095,990848608689,17410726147684,2020-05-05T00:00:00.3622353Z,2020-08-05T14:37:31.4899671Z,2020-05-05T13:00:52.7790000Z,2021-05-20T17:30:04.0966667Z
COINZEST,https://www.coinzest.co.kr/,CoinZest,2019-04-19,2019-09-30,2019-04-19T01:38:15.1717028Z,2019-09-30T14:45:56.7121506Z,129,0,0,0,2019-04-19T01:38:15.1717028Z,2019-09-30T14:45:56.7121506Z,2020-05-05T13:00:52.7790000Z,2021-05-20T17:30:04.0966667Z
BEQUANT,https://bequant.io/,BEQUANT,2021-02-18,2021-05-20,2021-02-18T15:50:00.4558754Z,2021-05-20T17:42:46.0400941Z,186,76460990.2,2086243268,46650357048,2019-04-19T01:38:15.1717028Z,2019-09-30T14:45:56.7121506Z,2021-02-18T15:49:59.6910000Z,2021-05-20T17:30:04.0966667Z
INSTANTBITEX,https://instantbitex.com/,Instant Bitex,2018-09-29,2020-01-20,2019-05-05T06:18:06.7114893Z,2020-01-17T16:29:08.8790150Z,292,0,0,0,2019-05-05T06:18:06.7114893Z,2020-01-17T16:29:08.8790150Z,2018-09-29T01:50:08.0000000Z,2020-01-20T13:54:14.0000000Z
XENA,https://xena.exchange/,Xena Exchange,2018-09-29,2020-01-20,2019-05-05T06:18:06.7114893Z,2020-01-17T16:29:08.8790150Z,9,0,0,0,2019-05-05T06:18:06.7114893Z,2020-01-17T16:29:08.8790150Z,2018-09-29T01:50:08.0000000Z,2020-01-20T13:54:14.0000000Z
COINEAL,https://www.coineal.com/,Coineal,2019-10-01,2021-05-20,2019-10-01T17:21:59.2409145Z,2021-05-20T17:42:38.7608250Z,179,19331173.85,269280183684,4364230564166,2019-10-01T17:21:59.2409145Z,2020-08-05T14:37:22.0216726Z,2019-10-01T17:22:01.0000000Z,2021-05-20T17:30:04.0966667Z
PARIBU,https://www.paribu.com/,Paribu,2019-10-01,2021-05-20,2019-10-01T17:27:26.1924563Z,2021-05-20T17:42:16.6154081Z,47,0,0,0,2019-10-01T17:27:26.1924563Z,2020-08-05T14:38:38.3413202Z,2019-10-01T17:22:01.0000000Z,2021-05-20T17:30:04.0966667Z
HADAX,https://www.hadax.com,Hadax,2018-11-10,2021-05-20,2018-11-10T15:29:31.7889589Z,2021-05-20T17:42:56.8331094Z,983,1250161117,32313591032,1275647008578,2018-11-10T15:29:31.7889589Z,2020-08-05T14:37:03.5776321Z,2018-11-10T13:47:26.2730000Z,2021-05-20T17:30:04.0966667Z
ZG,https://www.zg.com/,ZG.com,2020-05-05,2020-05-14,2020-05-05T13:17:56.0132441Z,2020-05-14T01:59:34.7596618Z,243,0,0,0,2020-05-05T13:17:56.0132441Z,2020-05-14T01:59:34.7596618Z,2020-05-05T13:18:49.0000000Z,2020-05-14T01:59:54.0000000Z
BITFLYERLTNG,https://lightning.bitflyer.com/,bitFlyer Lightning,2019-10-01,2021-05-20,2019-10-01T17:19:29.0930134Z,2021-05-20T17:38:21.3418818Z,88,33454922.73,1484386016,15814840292,2019-10-01T17:19:29.0930134Z,2020-08-05T14:37:03.3361626Z,2019-10-01T17:19:28.4200000Z,2021-05-20T17:30:04.0966667Z
ISX,https://beta.isx.is/,ISX,2019-04-02,2021-05-20,2019-04-08T15:18:01.1770888Z,2021-05-20T17:30:00.9400000Z,4,0,5008.1,270868.76,2019-04-08T15:18:01.1770888Z,2020-08-05T11:52:55.5177372Z,2019-04-02T15:36:07.0000000Z,2021-05-20T17:30:04.0966667Z
GOPAX,https://www.gopax.com/,GOPAX,2018-02-23,2021-03-23,2019-04-08T15:18:02.2897595Z,2021-03-23T07:25:55.1227857Z,172,0,0,0,2019-04-08T15:18:02.2897595Z,2020-08-05T14:37:41.9226490Z,2018-02-23T12:04:51.0000000Z,2021-03-23T06:12:03.0000000Z
PROBIT,https://www.probit.com,ProBit Exchange,2020-01-01,2021-05-20,2020-01-01T02:45:08.1321816Z,2021-05-20T17:34:27.5456006Z,1182,0,0,0,2020-01-01T02:45:08.1321816Z,2020-08-05T11:56:09.0105373Z,2018-02-23T12:04:51.0000000Z,2021-03-23T06:12:03.0000000Z
FATBTC,https://www.fatbtc.com/,FatBTC,2019-04-18,2020-06-14,2019-04-18T09:54:11.3260416Z,2020-06-14T08:27:06.2789789Z,69,0,0,0,2019-04-18T09:54:11.3260416Z,2020-06-14T08:27:06.2789789Z,2019-04-19T05:49:01.3590000Z,2019-04-20T03:22:39.1800000Z
COBINHOOD,https://cobinhood.com/,COBINHOOD,2018-04-09,2019-11-26,2018-11-03T13:09:03.1540232Z,2019-11-26T12:43:52.3732509Z,179,0,0,0,2018-11-03T13:09:03.1540232Z,2019-11-26T12:43:52.3732509Z,2018-04-09T19:21:36.6980000Z,2019-10-22T17:50:18.5540000Z
COINBENE,https://www.coinbene.com/,CoinBene,2018-06-08,2020-10-28,2018-11-02T12:29:50.6703027Z,2020-10-28T07:06:25.1203839Z,424,0,0,0,2018-11-02T12:29:50.6703027Z,2020-08-05T14:37:28.9168904Z,2018-06-08T13:40:11.0000000Z,2020-10-28T07:05:00.0000000Z
BITASSET,https://www.bitasset.com/,BitAsset,2021-02-18,2021-04-14,2021-02-18T15:50:03.9251990Z,2021-04-14T16:32:05.0778377Z,276,0,0,0,2018-11-02T12:29:50.6703027Z,2020-08-05T14:37:28.9168904Z,2018-06-08T13:40:11.0000000Z,2020-10-28T07:05:00.0000000Z
DRAGONEX,https://dragonex.io/,DragonEX,2019-04-23,2021-05-20,2019-04-23T10:04:29.5913126Z,2021-05-20T17:42:50.7820930Z,197,107158623.1,2508498430,79906333173,2019-04-23T10:04:29.5913126Z,2020-08-05T14:37:59.6049752Z,2019-04-23T10:04:29.4750000Z,2021-05-20T17:30:04.0966667Z
MXC,https://www.mxc.com/,MXC,2020-05-05,2021-05-20,2020-05-05T00:00:00.1335099Z,2021-05-20T17:42:56.1713691Z,1200,0,0,0,2020-05-05T00:00:00.1335099Z,2020-08-05T14:37:20.6587985Z,2019-04-23T10:04:29.4750000Z,2021-05-20T17:30:04.0966667Z
CRXZONE,https://www.crxzone.com/,CRXzone,2017-07-13,2021-05-20,2019-04-08T15:17:55.5549491Z,2021-05-20T17:40:42.2804569Z,5,0,0.73,155558.34,2019-04-08T15:17:55.5549491Z,2020-08-05T14:37:20.3346033Z,2017-07-13T12:11:32.0000000Z,2021-05-20T17:30:04.0966667Z
OOOBTC,https://www.ooobtc.com/,OOOBTC,2019-04-08,2020-03-22,2019-04-08T15:19:04.0034189Z,2020-03-22T16:04:22.0000000Z,53,0,0,0,2019-04-08T15:19:04.0034189Z,2020-03-22T16:04:22.0000000Z,2019-04-08T04:44:03.0000000Z,2020-03-22T15:59:39.0000000Z
COINJAR,https://www.coinjar.com/,CoinJar,2019-04-08,2021-05-20,2019-04-08T15:33:59.7240510Z,2021-05-20T17:42:45.2427522Z,60,0,0,0,2019-04-08T15:33:59.7240510Z,2020-08-05T14:37:05.3051604Z,2019-04-09T09:58:50.9245670Z,2019-06-22T12:45:58.5429490Z
COINSBIT,https://coinsbit.io/,Coinsbit,2019-10-01,2021-05-20,2019-10-01T15:06:47.0737928Z,2021-05-20T17:42:28.8000748Z,880,27265430.57,1035445360,23919234372,2019-10-01T15:06:47.0737928Z,2020-08-05T14:37:16.7903541Z,2019-10-01T15:07:30.0000000Z,2021-05-20T17:30:04.0966667Z
CCXCANADA,https://ccxcanada.com/,CCXCanada,2019-03-18,2020-07-07,2020-01-01T02:33:37.1235218Z,2020-07-07T00:04:48.4735258Z,40,0,0,0,2020-01-01T02:33:37.1235218Z,2020-07-07T00:04:48.4735258Z,2019-03-18T21:45:56.0000000Z,2020-03-29T06:22:44.0000000Z
GLOBITEX,https://globitex.com/,Globitex,2020-05-05,2021-05-20,2020-05-05T00:00:11.9031117Z,2021-05-20T17:39:59.3373738Z,9,5275739270,953251801933,11900475961226,2020-05-05T00:00:11.9031117Z,2020-08-05T14:37:48.9263199Z,2020-05-05T16:21:17.5400000Z,2021-05-20T17:30:04.0966667Z
BLOCKCHAINEXCHANGE,https://exchange.blockchain.com/,Blockchain Exchange,2020-01-16,2021-05-20,2020-01-16T11:36:36.1087316Z,2021-05-20T17:42:13.3825915Z,61,0,0,0,2020-01-16T11:36:36.1087316Z,2020-08-05T14:37:22.1776578Z,2020-01-16T11:36:38.6481660Z,2020-01-17T13:05:46.2557140Z
YUNEX,https://yunex.io/,YunEx,2019-04-08,2021-05-20,2019-04-08T15:17:56.3251936Z,2021-05-20T17:38:52.1262228Z,17,395540.81,9745189.34,246502584.7,2019-04-08T15:17:56.3251936Z,2020-08-05T14:38:00.4123884Z,2019-04-08T13:23:42.5320000Z,2021-05-20T17:30:04.0966667Z
VEBITCOIN,https://www.vebitcoin.com/,Vebitcoin,2018-10-01,2020-05-01,2018-10-01T16:58:44.7700000Z,2020-05-01T22:54:47.8195584Z,61,0,0,0,2018-10-01T16:58:44.7700000Z,2020-05-01T22:54:47.8195584Z,2019-04-08T13:23:42.5320000Z,2021-05-20T17:30:04.0966667Z
DEXTRADE,https://dex-trade.com/,Dex-Trade,2020-05-05,2021-05-20,2020-05-05T17:04:57.2696186Z,2021-05-20T17:42:34.5454707Z,338,0,0,0,2020-05-05T17:04:57.2696186Z,2020-08-05T14:37:56.0859712Z,2019-04-08T13:23:42.5320000Z,2021-05-20T17:30:04.0966667Z
BTCALPHA,https://btc-alpha.com/,BTC-Alpha,2018-06-20,2021-05-20,2019-04-08T15:17:56.2740549Z,2021-05-20T17:42:14.3062970Z,300,14905366.87,435621610.4,7453207471,2019-04-08T15:17:56.2740549Z,2020-08-05T14:37:35.6667658Z,2018-06-20T14:22:32.4410000Z,2021-05-20T17:30:04.0966667Z
CRYPTOBRIDGE,https://crypto-bridge.org/,CryptoBridge,2019-04-08,2019-12-15,2019-04-08T15:50:11.1032719Z,2019-12-15T23:59:19.6170348Z,605,0,0,0,2019-04-08T15:50:11.1032719Z,2019-12-15T23:59:19.6170348Z,2018-06-20T14:22:32.4410000Z,2021-05-20T17:30:04.0966667Z
LYKKE,https://www.lykke.com/,Lykke,2018-01-24,2021-05-20,2018-01-24T00:21:30.1220000Z,2021-04-12T23:32:56.0430400Z,430,111344.21,4208323.89,48485509.79,2018-01-24T00:21:30.1220000Z,2020-08-05T14:31:09.1571597Z,2019-08-28T12:31:48.5460000Z,2021-05-20T17:30:04.0966667Z
GULDENTRADER,https://guldentrader.com/,GuldenTrader,2019-10-01,2020-05-17,2019-10-01T17:24:56.5974189Z,2020-05-15T12:00:34.2618909Z,10,0,0,0,2019-10-01T17:24:56.5974189Z,2020-05-15T12:00:34.2618909Z,2019-10-13T04:49:44.0000000Z,2020-05-17T08:12:06.8575244Z
BITKER,https://www.bitker.com/,BITKER,2019-05-05,2019-09-01,2019-05-05T07:21:16.3119958Z,2019-09-01T16:14:33.1199482Z,45,0,0,0,2019-05-05T07:21:16.3119958Z,2019-09-01T16:14:33.1199482Z,2019-05-05T07:21:44.2600000Z,2019-09-01T16:14:30.7490000Z
COINFIELD,https://www.coinfield.com/,CoinField,2019-10-01,2021-05-20,2019-10-01T15:07:29.7775558Z,2021-05-20T17:42:35.0777831Z,83,4630751.06,148116907,2049616367,2019-10-01T15:07:29.7775558Z,2020-08-05T14:37:22.3889844Z,2019-10-01T15:07:42.0000000Z,2021-05-20T17:30:04.0966667Z
SEEDCX,https://seedcx.com/,SeedCX,2019-04-18,2019-04-18,2019-04-18T18:48:00.7266042Z,2019-04-18T18:48:30.2900934Z,22,0,0,0,2019-04-18T18:48:00.7266042Z,2019-04-18T18:48:30.2900934Z,2019-10-01T15:07:42.0000000Z,2021-05-20T17:30:04.0966667Z
OMGFIN,https://omgfin.com/,Omgfin,2020-05-10,2021-05-20,2020-05-14T12:10:34.7033990Z,2021-05-20T17:42:56.3969274Z,185,12944702.65,337466957.3,10217773206,2020-05-14T12:10:34.7033990Z,2020-08-05T14:37:56.1844265Z,2020-05-10T14:00:37.0000000Z,2021-05-20T17:30:04.0966667Z
BITUBU,https://bitubu.com/,BitUBU,2020-05-05,2021-05-20,2020-05-05T13:01:40.9583748Z,2021-05-20T17:42:54.1839559Z,129,483895.28,18477972.91,623152073.4,2020-05-05T13:01:40.9583748Z,2020-08-05T14:38:01.4024419Z,2020-05-05T19:01:11.0000000Z,2021-05-20T17:30:04.0966667Z
BTC-E,https://btc-e.com/,BTC-e,2011-08-14,2019-02-06,2014-02-24T17:43:05.0000000Z,2019-02-06T15:34:52.9870000Z,24,0,0,0,2014-02-24T17:43:05.0000000Z,2019-02-06T15:34:52.9870000Z,2011-08-14T14:14:40.0000000Z,2019-02-06T10:09:50.0000000Z
YOBIT,https://yobit.net/en/,YObit,2015-01-06,2021-05-20,2017-03-18T22:53:47.2011734Z,2021-05-20T17:42:56.0865036Z,8902,429185043.5,479329177900,40113531009380,2017-03-18T22:53:47.2011734Z,2020-08-05T14:34:02.0943113Z,2015-01-06T19:51:51.0000000Z,2021-05-20T17:30:04.0966667Z
GATEIO,https://gate.io/,Gate.io,2017-12-28,2021-05-20,2017-12-28T21:49:04.6063124Z,2021-05-20T17:42:56.3306620Z,1498,526407430032,22731599964574,433309082656544,2017-12-28T21:49:04.6063124Z,2020-08-05T14:37:19.9560379Z,2017-12-28T17:33:30.0000000Z,2021-05-20T17:30:04.0966667Z
QUOINE,https://www.liquid.com/,Liquid (QUOINEX & QRYPTOS),2017-05-22,2021-05-20,2017-08-29T15:53:54.7372595Z,2021-05-20T17:42:40.7779335Z,558,4520713.48,241983018.8,2309104001,2017-08-29T15:53:54.7372595Z,2020-04-21T03:51:53.5436345Z,2017-05-22T18:21:41.0000000Z,2021-05-20T17:30:04.0966667Z
BXINTH,https://bx.in.th/,BX Thailand,2015-06-26,2019-09-30,2017-03-18T22:53:45.5791610Z,2019-09-30T16:22:38.3333132Z,29,0,0,0,2017-03-18T22:53:45.5791610Z,2019-09-30T16:22:38.3333132Z,2015-06-26T11:19:16.0000000Z,2019-09-30T16:20:43.0000000Z
BITLISH,https://bitlish.com/,Bitlish,2017-10-12,2020-04-02,2018-01-24T00:21:31.1076466Z,2020-04-02T09:41:15.0994823Z,139,0,0,0,2018-01-24T00:21:31.1076466Z,2020-04-02T09:41:15.0994823Z,2017-10-12T18:00:10.7250000Z,2020-04-01T21:46:18.3550000Z
BITZ,https://www.bit-z.com/,Bit-Z,2018-03-25,2021-05-20,2018-09-09T12:57:17.9973117Z,2021-05-20T17:42:48.5226143Z,627,2783646852490,69254304966128,2.60789E+15,2018-09-09T12:57:17.9973117Z,2020-08-05T14:37:16.4116718Z,2018-03-25T07:00:01.0000000Z,2021-05-20T17:30:04.0966667Z
TOKENSTORE,https://token.store/,Token Store,2017-09-17,2020-07-13,2019-04-08T15:17:58.1915392Z,2020-07-13T02:35:28.5815804Z,408,0,0,0,2019-04-08T15:17:58.1915392Z,2020-07-13T02:35:28.5815804Z,2017-09-17T11:10:12.5100000Z,2020-06-02T07:40:04.9800000Z
BILAXY,https://bilaxy.com/,Bilaxy,2019-04-08,2021-05-20,2019-04-08T15:19:16.4427273Z,2021-05-20T17:42:55.9452244Z,1151,602322561.1,15205399264,443134110390,2019-04-08T15:19:16.4427273Z,2020-08-05T14:38:08.6267539Z,2019-04-08T15:21:02.0000000Z,2021-05-20T17:30:04.0966667Z
COINEX,https://www.coinex.com/,CoinEx,2019-10-01,2021-05-20,2019-10-01T15:06:43.9334939Z,2021-05-20T17:42:28.2796015Z,1361,1680648716532,57003975436843,790027689334657,2019-10-01T15:06:43.9334939Z,2020-08-05T14:37:13.4765477Z,2019-10-01T15:06:46.0000000Z,2021-05-20T17:30:04.0966667Z
INDODAX,https://indodax.com/,Indodax,2019-04-05,2021-05-20,2019-04-08T15:18:02.1868547Z,2021-05-20T17:42:47.8354016Z,165,3401879.54,155194029.5,3776177205,2019-04-08T15:18:02.1868547Z,2020-08-05T14:37:40.9015480Z,2019-04-05T01:28:39.0000000Z,2021-05-20T17:30:04.0966667Z
WEXNZ,https://wex.nz/,WexNz,2017-12-22,2018-11-20,2017-12-24T13:03:42.9064646Z,2018-11-20T23:48:42.8822625Z,59,0,0,0,2017-12-24T13:03:42.9064646Z,2018-11-20T23:48:42.8822625Z,2017-12-22T07:31:16.0000000Z,2018-11-20T23:45:53.0000000Z
LMAXDIGITALUAT,https://www.lmaxdigital.com/,LMAX Digital (UAT),2020-08-10,2021-01-12,2020-08-10T13:39:21.5800000Z,2021-01-12T11:50:53.3500000Z,17,0,0,0,2017-12-24T13:03:42.9064646Z,2018-11-20T23:48:42.8822625Z,2020-08-10T13:51:58.4430000Z,2021-01-12T11:13:16.3380000Z