Time Period Start,Time Period End,Time Open,Time Close,Price Open,Price High,Price Low,Price Close,Volume Traded,Trades Count
2021-05-17T00:00:00.0000000Z,2021-05-24T00:00:00.0000000Z,2021-05-17T00:00:00.4170000Z,2021-05-20T19:26:00.9835440Z,296.19,318.49,125,211.55,7116297.43,1414318
2021-05-10T00:00:00.0000000Z,2021-05-17T00:00:00.0000000Z,2021-05-10T00:00:00.5817670Z,2021-05-16T23:59:59.9497670Z,388.13,414.07,279.15,296.11,8343657.028,2191022
2021-05-03T00:00:00.0000000Z,2021-05-10T00:00:00.0000000Z,2021-05-03T00:00:00.8712850Z,2021-05-09T23:59:59.9995420Z,269.1,389.83,268.64,388.3,9357045.606,2314644
2021-04-26T00:00:00.0000000Z,2021-05-03T00:00:00.0000000Z,2021-04-26T00:00:00.6632370Z,2021-05-02T23:59:59.0303550Z,224.25,278.75,221.25,269.1,4087442.128,920245
2021-04-19T00:00:00.0000000Z,2021-04-26T00:00:00.0000000Z,2021-04-19T00:00:00.0695620Z,2021-04-25T23:59:55.7200000Z,274.13,289.84,204.5,224.13,7739379.384,1479412
2021-04-12T00:00:00.0000000Z,2021-04-19T00:00:00.0000000Z,2021-04-12T00:00:00.0077230Z,2021-04-18T23:59:59.7235520Z,252.31,335.79,230.97,274.2,8836326.542,1722499
2021-04-05T00:00:00.0000000Z,2021-04-12T00:00:00.0000000Z,2021-04-05T00:00:07.2458550Z,2021-04-11T23:59:58.1940000Z,202.26,263.26,198.05,252.25,5571957.252,991551
2021-03-29T00:00:00.0000000Z,2021-04-05T00:00:00.0000000Z,2021-03-29T00:00:00.4425910Z,2021-04-04T23:59:59.9408580Z,184.24,217.88,182.28,202.26,2963182.674,589635
2021-03-22T00:00:00.0000000Z,2021-03-29T00:00:00.0000000Z,2021-03-22T00:00:03.5653190Z,2021-03-28T23:59:59.8946570Z,195.62,199.17,167.67,184.27,2575778.36,519783
2021-03-15T00:00:00.0000000Z,2021-03-22T00:00:00.0000000Z,2021-03-15T00:00:00.3672380Z,2021-03-21T23:59:57.9985570Z,214.02,222.44,191.16,195.53,3051070.547,609344
2021-03-08T00:00:00.0000000Z,2021-03-15T00:00:00.0000000Z,2021-03-08T00:00:02.3660000Z,2021-03-14T23:59:59.7856740Z,190.62,230,179.89,214.11,4592091.661,770091
2021-03-01T00:00:00.0000000Z,2021-03-08T00:00:00.0000000Z,2021-03-01T00:00:00.0585380Z,2021-03-07T23:59:59.6710620Z,165.58,196.71,163.52,190.74,4127700.396,627770
2021-02-22T00:00:00.0000000Z,2021-03-01T00:00:00.0000000Z,2021-02-22T00:00:01.1342740Z,2021-02-28T23:59:58.1646370Z,227.57,227.72,150,165.72,8465998.717,1192682
2021-02-15T00:00:00.0000000Z,2021-02-22T00:00:00.0000000Z,2021-02-15T00:00:02.0117760Z,2021-02-21T23:59:57.5569750Z,213.92,247.05,185.72,227.54,7366776.322,1085375
2021-02-08T00:00:00.0000000Z,2021-02-15T00:00:00.0000000Z,2021-02-08T00:00:05.2674400Z,2021-02-14T23:59:59.8900320Z,151.03,230.81,147.97,213.93,8388122.652,1166410
2021-02-01T00:00:00.0000000Z,2021-02-08T00:00:00.0000000Z,2021-02-01T00:00:01.4257990Z,2021-02-07T23:59:59.2700740Z,129.61,164.23,126.02,150.95,5302861.484,678984
2021-01-25T00:00:00.0000000Z,2021-02-01T00:00:00.0000000Z,2021-01-25T00:00:00.5611300Z,2021-01-31T23:59:58.9693960Z,141.17,147.69,117.99,129.58,4344265.374,573134
2021-01-18T00:00:00.0000000Z,2021-01-25T00:00:00.0000000Z,2021-01-18T00:00:00.3948150Z,2021-01-24T23:59:58.9689710Z,142.76,166.29,122.25,141.13,4994676.662,626990
2021-01-11T00:00:00.0000000Z,2021-01-18T00:00:00.0000000Z,2021-01-11T00:00:00.4897690Z,2021-01-17T23:59:59.6811360Z,170.22,170.72,111.04,142.8,9211452.088,1002591
2021-01-04T00:00:00.0000000Z,2021-01-11T00:00:00.0000000Z,2021-01-04T00:00:00.3777700Z,2021-01-10T23:59:59.6052160Z,161.44,186.41,138,170.21,10147570.79,1238457
2020-12-28T00:00:00.0000000Z,2021-01-04T00:00:00.0000000Z,2020-12-28T00:00:00.5140590Z,2021-01-03T23:59:59.7164410Z,127.67,164.98,110,161.52,7139806.207,835371
2020-12-21T00:00:00.0000000Z,2020-12-28T00:00:00.0000000Z,2020-12-21T00:00:00.4193920Z,2020-12-27T23:59:58.4690000Z,114.65,139.41,94.44,127.83,10649111.73,997349
2020-12-14T00:00:00.0000000Z,2020-12-21T00:00:00.0000000Z,2020-12-14T00:00:01.7579550Z,2020-12-20T23:59:59.3671270Z,82.2,124.55,78.29,114.65,7608361.877,695234
2020-12-07T00:00:00.0000000Z,2020-12-14T00:00:00.0000000Z,2020-12-07T00:00:01.3520630Z,2020-12-13T23:59:56.4186770Z,83.58,86.89,69.82,82.2,2969240.114,268458
2020-11-30T00:00:00.0000000Z,2020-12-07T00:00:00.0000000Z,2020-11-30T00:00:01.2676310Z,2020-12-06T23:59:57.7398210Z,79.01,93.13,76.69,83.64,5631757.911,444530
2020-11-23T00:00:00.0000000Z,2020-11-30T00:00:00.0000000Z,2020-11-23T00:00:00.6195940Z,2020-11-29T23:59:59.7473220Z,82.95,94.08,64.3,79,6597048.437,505548
2020-11-16T00:00:00.0000000Z,2020-11-23T00:00:00.0000000Z,2020-11-16T00:00:10.0031150Z,2020-11-22T23:59:59.7730000Z,62.33,88.56,62.16,83,6729458.433,483092
2020-11-09T00:00:00.0000000Z,2020-11-16T00:00:00.0000000Z,2020-11-09T00:00:03.8386070Z,2020-11-15T23:59:59.0500290Z,60.99,66.67,57.12,62.37,2539152.792,173408
2020-11-02T00:00:00.0000000Z,2020-11-09T00:00:00.0000000Z,2020-11-02T00:00:12.3808810Z,2020-11-08T23:59:45.2088030Z,55.67,64.87,51.07,60.99,2847211.679,190806
2020-10-26T00:00:00.0000000Z,2020-11-02T00:00:00.0000000Z,2020-10-26T00:00:03.1154310Z,2020-11-01T23:59:50.9022440Z,58.88,60.9,52.27,55.65,1921391.233,125953
2020-10-19T00:00:00.0000000Z,2020-10-26T00:00:00.0000000Z,2020-10-19T00:00:00.6046120Z,2020-10-25T23:59:52.5520000Z,47.58,60.02,46.45,58.89,2427202.03,158265
2020-10-12T00:00:00.0000000Z,2020-10-19T00:00:00.0000000Z,2020-10-12T00:00:00.7724960Z,2020-10-18T23:59:57.0798610Z,50.47,51.6,45.42,47.58,1135558.27,81652
2020-10-05T00:00:00.0000000Z,2020-10-12T00:00:00.0000000Z,2020-10-05T00:00:00.5742580Z,2020-10-11T23:59:50.9463450Z,46.71,51.25,45.02,50.48,1091379.328,84430
2020-09-28T00:00:00.0000000Z,2020-10-05T00:00:00.0000000Z,2020-09-28T00:00:00.7972080Z,2020-10-04T23:59:56.4940000Z,46.08,48.52,43.21,46.72,1085536.43,80152
2020-09-21T00:00:00.0000000Z,2020-09-28T00:00:00.0000000Z,2020-09-21T00:00:04.7826240Z,2020-09-27T23:59:49.9570000Z,47.1,47.68,41.59,46.1,1262680.628,87688
2020-09-14T00:00:00.0000000Z,2020-09-21T00:00:00.0000000Z,2020-09-14T00:00:09.2721650Z,2020-09-20T23:59:54.5733540Z,48.19,50.36,46.2,47.09,1273045.18,91528
2020-09-07T00:00:00.0000000Z,2020-09-14T00:00:00.0000000Z,2020-09-07T00:00:00.0328550Z,2020-09-13T23:59:53.2888870Z,47.94,51.34,45.2,48.18,1552343.416,102278
2020-08-31T00:00:00.0000000Z,2020-09-07T00:00:00.0000000Z,2020-08-31T00:00:04.0010000Z,2020-09-06T23:59:50.5490000Z,62.88,64.38,45.08,47.92,3114900.928,209600
2020-08-24T00:00:00.0000000Z,2020-08-31T00:00:00.0000000Z,2020-08-24T00:00:05.4524150Z,2020-08-30T23:59:54.2540000Z,60.61,63.04,53.7,62.91,1673061.507,133079
2020-08-17T00:00:00.0000000Z,2020-08-24T00:00:00.0000000Z,2020-08-17T00:00:01.3308240Z,2020-08-23T23:59:52.9610000Z,63.94,69,57.74,60.59,3393629.717,258910
2020-08-10T00:00:00.0000000Z,2020-08-17T00:00:00.0000000Z,2020-08-10T00:00:00.7407830Z,2020-08-16T23:59:51.7577090Z,56.97,65,51.5,63.91,2697787.047,210803
2020-08-03T00:00:00.0000000Z,2020-08-10T00:00:00.0000000Z,2020-08-03T00:00:12.0593360Z,2020-08-09T23:59:51.6780000Z,56.8,61.11,54.69,57.01,2065224.683,160968
2020-07-27T00:00:00.0000000Z,2020-08-03T00:00:00.0000000Z,2020-07-27T00:00:02.3130000Z,2020-08-02T23:59:52.2420000Z,48.14,65.32,46.93,56.78,4540952.252,307789
2020-07-20T00:00:00.0000000Z,2020-07-27T00:00:00.0000000Z,2020-07-20T00:00:06.7824610Z,2020-07-26T23:59:58.2031500Z,42.69,50.86,41.3,48.14,1808660.899,125456
2020-07-13T00:00:00.0000000Z,2020-07-20T00:00:00.0000000Z,2020-07-13T00:00:09.2750000Z,2020-07-19T23:59:59.1600000Z,44.78,45.58,40.81,42.67,1120958.893,71471
2020-07-06T00:00:00.0000000Z,2020-07-13T00:00:00.0000000Z,2020-07-06T00:00:05.0078270Z,2020-07-12T23:59:54.2971320Z,41.59,46.33,41.52,44.71,1283879.775,78777
2020-06-29T00:00:00.0000000Z,2020-07-06T00:00:00.0000000Z,2020-06-29T00:00:08.7170920Z,2020-07-05T23:59:57.4508050Z,41.34,42.26,40.32,41.59,913776.2103,63939
2020-06-22T00:00:00.0000000Z,2020-06-29T00:00:00.0000000Z,2020-06-22T00:00:07.9680000Z,2020-06-28T23:59:59.6063460Z,42.99,44.66,39.16,41.32,1105510.897,72288
2020-06-15T00:00:00.0000000Z,2020-06-22T00:00:00.0000000Z,2020-06-15T00:00:05.5450000Z,2020-06-21T23:59:46.2618060Z,44.03,45.05,41.68,42.96,915744.838,63282
2020-06-08T00:00:00.0000000Z,2020-06-15T00:00:00.0000000Z,2020-06-08T00:00:00.9162520Z,2020-06-14T23:59:53.2295950Z,46.64,47.22,20,43.99,1263318.893,77915
2020-06-01T00:00:00.0000000Z,2020-06-08T00:00:00.0000000Z,2020-06-01T00:00:07.0330000Z,2020-06-07T23:59:16.9640000Z,45.59,49.93,44.06,46.63,1557327.637,98729
2020-05-25T00:00:00.0000000Z,2020-06-01T00:00:00.0000000Z,2020-05-25T00:00:00.3463580Z,2020-05-31T23:59:41.8592750Z,42.08,48.23,41.7,45.6,1163661.851,71331
2020-05-18T00:00:00.0000000Z,2020-05-25T00:00:00.0000000Z,2020-05-18T00:00:43.9946580Z,2020-05-24T23:59:58.0770000Z,43.7,47.5,41.52,42.1,1612723.236,87931
2020-05-11T00:00:00.0000000Z,2020-05-18T00:00:00.0000000Z,2020-05-11T00:00:00.7402410Z,2020-05-17T23:59:41.0691000Z,42.1,44.5,39.34,43.69,1639159.046,94799
2020-05-04T00:00:00.0000000Z,2020-05-11T00:00:00.0000000Z,2020-05-04T00:00:00.5692440Z,2020-05-10T23:59:51.8470000Z,48.16,49.12,36.99,42.18,2427947.847,152067
2020-04-27T00:00:00.0000000Z,2020-05-04T00:00:00.0000000Z,2020-04-27T00:00:04.5350000Z,2020-05-03T23:59:30.3322660Z,44.64,50.96,43.19,48.15,2340714.803,152845
2020-04-20T00:00:00.0000000Z,2020-04-27T00:00:00.0000000Z,2020-04-20T00:00:04.1974200Z,2020-04-26T23:59:56.7888850Z,42.3,45.66,39.53,44.63,1613570.145,115818
2020-04-13T00:00:00.0000000Z,2020-04-20T00:00:00.0000000Z,2020-04-13T00:00:07.8151390Z,2020-04-19T23:59:56.5587950Z,42,44.92,37.17,42.28,1717387.761,102821
2020-04-06T00:00:00.0000000Z,2020-04-13T00:00:00.0000000Z,2020-04-06T00:00:43.2133580Z,2020-04-12T23:59:57.5828870Z,40.37,47.73,40.37,42.04,2864565.215,141539
2020-03-30T00:00:00.0000000Z,2020-04-06T00:00:00.0000000Z,2020-03-30T00:00:06.9270620Z,2020-04-05T23:59:21.3717180Z,37.1,43.04,37.1,40.38,1449881.508,82387
2020-03-23T00:00:00.0000000Z,2020-03-30T00:00:00.0000000Z,2020-03-23T00:00:08.4020170Z,2020-03-29T23:59:54.2869450Z,35.44,41.43,34.51,37.11,2556855.36,131347
2020-03-16T00:00:00.0000000Z,2020-03-23T00:00:00.0000000Z,2020-03-16T00:00:04.6503980Z,2020-03-22T23:59:42.0999310Z,36.23,44,29.17,35.45,4944306.802,253139
2020-03-09T00:00:00.0000000Z,2020-03-16T00:00:00.0000000Z,2020-03-09T00:00:00.6069140Z,2020-03-15T23:59:58.5876260Z,51.11,52.53,24.18,36.24,6385957.209,399901
2020-03-02T00:00:00.0000000Z,2020-03-09T00:00:00.0000000Z,2020-03-02T00:00:08.8342450Z,2020-03-08T23:59:59.5836160Z,57.64,63.99,50.22,51.15,1833864.696,122302
2020-02-24T00:00:00.0000000Z,2020-03-02T00:00:00.0000000Z,2020-02-24T00:00:01.8214800Z,2020-03-01T23:59:59.2750000Z,79.79,80.04,56.05,57.71,2572269.975,178205
2020-02-17T00:00:00.0000000Z,2020-02-24T00:00:00.0000000Z,2020-02-17T00:00:00.3060000Z,2020-02-23T23:59:58.8243560Z,74.74,80.75,63.5,79.8,2043472.916,145546
2020-02-10T00:00:00.0000000Z,2020-02-17T00:00:00.0000000Z,2020-02-10T00:00:00.1900000Z,2020-02-16T23:59:59.8637290Z,77.14,84.5,67.17,74.7,2416893.997,181793
2020-02-03T00:00:00.0000000Z,2020-02-10T00:00:00.0000000Z,2020-02-03T00:00:07.6785040Z,2020-02-09T23:59:56.4178690Z,69.83,78.53,66.3,77.05,1815202.853,139474
2020-01-27T00:00:00.0000000Z,2020-02-03T00:00:00.0000000Z,2020-01-27T00:00:00.7435620Z,2020-02-02T23:59:56.9080000Z,56.09,73.4,55.79,69.85,2386117.188,156044
2020-01-20T00:00:00.0000000Z,2020-01-27T00:00:00.0000000Z,2020-01-20T00:00:04.3842470Z,2020-01-26T23:59:25.2365930Z,57.54,59.15,50.47,56.08,1081154.378,78519
2020-01-13T00:00:00.0000000Z,2020-01-20T00:00:00.0000000Z,2020-01-13T00:00:09.3395430Z,2020-01-19T23:59:36.4594080Z,51.41,63.31,48.85,57.57,2395405.692,163574
2020-01-06T00:00:00.0000000Z,2020-01-13T00:00:00.0000000Z,2020-01-06T00:00:05.5425730Z,2020-01-12T23:59:59.1414240Z,43.28,52.03,43.12,51.42,1758236.689,117287
2019-12-30T00:00:00.0000000Z,2020-01-06T00:00:00.0000000Z,2019-12-30T00:00:04.4290000Z,2020-01-05T23:59:48.7820000Z,43.09,44.56,38.61,43.27,819593.5335,63270
2019-12-23T00:00:00.0000000Z,2019-12-30T00:00:00.0000000Z,2019-12-23T00:00:01.7259290Z,2019-12-29T23:59:52.6200000Z,41.92,43.73,39.36,43.09,743369.2938,67914
2019-12-16T00:00:00.0000000Z,2019-12-23T00:00:00.0000000Z,2019-12-16T00:00:35.1097680Z,2019-12-22T23:59:39.2417520Z,43.43,43.52,35.8,41.93,1262189.148,118339
2019-12-09T00:00:00.0000000Z,2019-12-16T00:00:00.0000000Z,2019-12-09T00:00:32.1960000Z,2019-12-15T23:59:52.9608430Z,45.6,45.94,42.7,43.41,516220.6883,49944
2019-12-02T00:00:00.0000000Z,2019-12-09T00:00:00.0000000Z,2019-12-02T00:00:11.7420000Z,2019-12-08T23:59:47.4380000Z,47.5,47.66,43.62,45.63,932374.8049,66998
2019-11-25T00:00:00.0000000Z,2019-12-02T00:00:00.0000000Z,2019-11-25T00:00:00.1360000Z,2019-12-01T23:59:58.1410000Z,43.94,49.55,42.16,47.5,1335412.05,96023
2019-11-18T00:00:00.0000000Z,2019-11-25T00:00:00.0000000Z,2019-11-18T00:00:06.3060000Z,2019-11-24T23:59:59.1650000Z,59.19,59.33,43.55,43.93,1784665.629,125166
2019-11-11T00:00:00.0000000Z,2019-11-18T00:00:00.0000000Z,2019-11-11T00:00:18.2340000Z,2019-11-17T23:59:59.3110000Z,63.66,64.33,55,59.2,914703.7535,79466
2019-11-04T00:00:00.0000000Z,2019-11-11T00:00:00.0000000Z,2019-11-04T00:00:09.5480000Z,2019-11-10T23:59:41.8130000Z,58.36,66.29,57.93,63.66,1585495.641,120068
2019-10-28T00:00:00.0000000Z,2019-11-04T00:00:00.0000000Z,2019-10-28T00:00:05.1770000Z,2019-11-03T23:59:42.8430000Z,59.91,62.71,56.58,58.34,1130030.787,86056
2019-10-21T00:00:00.0000000Z,2019-10-28T00:00:00.0000000Z,2019-10-21T00:00:07.4980000Z,2019-10-27T23:59:58.5490000Z,54.96,64.4,47.16,59.91,2125850.001,132859
2019-10-14T00:00:00.0000000Z,2019-10-21T00:00:00.0000000Z,2019-10-14T00:00:17.4290000Z,2019-10-20T23:59:57.6270000Z,56.47,57.43,50.67,54.96,919135.6647,82588
2019-10-07T00:00:00.0000000Z,2019-10-14T00:00:00.0000000Z,2019-10-07T00:00:24.7860000Z,2019-10-13T23:59:57.0800000Z,54.45,60.19,53.25,56.48,900418.2696,77038
2019-09-30T00:00:00.0000000Z,2019-10-07T00:00:00.0000000Z,2019-09-30T00:00:08.9710000Z,2019-10-06T23:59:37.8450000Z,53.9,57.75,52.44,54.54,1089355.62,77647
2019-09-23T00:00:00.0000000Z,2019-09-30T00:00:00.0000000Z,2019-09-23T00:00:21.4400000Z,2019-09-29T23:59:57.5940000Z,72.25,74.12,50.2,53.91,2545587.372,168104
2019-09-16T00:00:00.0000000Z,2019-09-23T00:00:00.0000000Z,2019-09-16T00:00:09.7640000Z,2019-09-22T23:59:59.8650000Z,70.14,80.37,69.45,72.26,1576790.828,110537
2019-09-09T00:00:00.0000000Z,2019-09-16T00:00:00.0000000Z,2019-09-09T00:00:28.7430000Z,2019-09-15T23:59:57.3650000Z,70.43,73.24,67.1,70.14,764707.8128,73898
2019-09-02T00:00:00.0000000Z,2019-09-09T00:00:00.0000000Z,2019-09-02T00:00:26.3280000Z,2019-09-08T23:59:38.9090000Z,66.11,72.25,63.87,70.56,1210214.506,100794
2019-08-26T00:00:00.0000000Z,2019-09-02T00:00:00.0000000Z,2019-08-26T00:00:00.5740000Z,2019-09-01T23:59:54.3840000Z,72.13,75.57,62.04,66.1,1427332.249,122651
2019-08-19T00:00:00.0000000Z,2019-08-26T00:00:00.0000000Z,2019-08-19T00:00:04.3430000Z,2019-08-25T23:59:57.3520000Z,76.29,79.06,69.9,72.15,1242586.424,111646
2019-08-12T00:00:00.0000000Z,2019-08-19T00:00:00.0000000Z,2019-08-12T00:00:00.2670000Z,2019-08-18T23:59:26.8810000Z,89.81,89.95,70.24,76.34,1865224.393,167102
2019-08-05T00:00:00.0000000Z,2019-08-12T00:00:00.0000000Z,2019-08-05T00:00:03.7960000Z,2019-08-11T23:59:59.7290000Z,92.98,107.14,80.7,89.87,2416359.65,216738
2019-07-29T00:00:00.0000000Z,2019-08-05T00:00:00.0000000Z,2019-07-29T00:00:00.0860000Z,2019-08-04T23:59:55.9050000Z,90.02,102.8,87.25,92.95,1668943.576,156126
2019-07-22T00:00:00.0000000Z,2019-07-29T00:00:00.0000000Z,2019-07-22T00:00:04.7540000Z,2019-07-28T23:59:59.8950000Z,99.77,100.99,81.5,90.02,2436132.78,191497
2019-07-15T00:00:00.0000000Z,2019-07-22T00:00:00.0000000Z,2019-07-15T00:00:00.4420000Z,2019-07-21T23:59:59.3660000Z,89.72,106.05,76.5,99.76,4569007.647,346106
2019-07-08T00:00:00.0000000Z,2019-07-15T00:00:00.0000000Z,2019-07-08T00:00:04.4350000Z,2019-07-14T23:59:55.3690000Z,120.15,125.75,71,89.72,3635612.67,300801
2019-07-01T00:00:00.0000000Z,2019-07-08T00:00:00.0000000Z,2019-07-01T00:00:00.1020000Z,2019-07-07T23:59:53.3880000Z,122.03,127.49,111.2,120.18,2458853.902,228976
2019-06-24T00:00:00.0000000Z,2019-07-01T00:00:00.0000000Z,2019-06-24T00:00:01.8000000Z,2019-06-30T23:59:59.9600000Z,136.18,138.41,106.93,122,4977371.686,457068
2019-06-17T00:00:00.0000000Z,2019-06-24T00:00:00.0000000Z,2019-06-17T00:00:02.6280000Z,2019-06-23T23:59:59.2620000Z,137,146.08,128.75,136.18,2806363.09,252544
2019-06-10T00:00:00.0000000Z,2019-06-17T00:00:00.0000000Z,2019-06-10T00:00:06.7650000Z,2019-06-16T23:59:58.2110000Z,114.82,144.88,112.54,137,4222764.926,342130
2019-06-03T00:00:00.0000000Z,2019-06-10T00:00:00.0000000Z,2019-06-03T00:00:31.5680000Z,2019-06-09T23:59:35.5320000Z,114.68,121.57,97.05,114.83,3415118.295,269210
2019-05-27T00:00:00.0000000Z,2019-06-03T00:00:00.0000000Z,2019-05-27T00:00:02.3400000Z,2019-06-02T23:59:41.7810000Z,112.52,122.16,101.7,114.51,3458374.553,299268
2019-05-20T00:00:00.0000000Z,2019-05-27T00:00:00.0000000Z,2019-05-20T00:00:02.4030000Z,2019-05-26T23:59:49.9070000Z,95.03,114.81,84.73,112.56,2806614.991,239711
2019-05-13T00:00:00.0000000Z,2019-05-20T00:00:00.0000000Z,2019-05-13T00:00:12.6360000Z,2019-05-19T23:59:57.0000000Z,84.78,107.6,81.66,95,5044989.172,377577
2019-05-06T00:00:00.0000000Z,2019-05-13T00:00:00.0000000Z,2019-05-06T00:00:04.5700000Z,2019-05-12T23:59:51.7300000Z,74.81,96,70.55,84.79,3457587.751,252691
2019-04-29T00:00:00.0000000Z,2019-05-06T00:00:00.0000000Z,2019-04-29T00:00:07.0000000Z,2019-05-05T23:59:57.5710000Z,67.66,81.53,64.82,74.79,1534935.825,130193
2019-04-22T00:00:00.0000000Z,2019-04-29T00:00:00.0000000Z,2019-04-22T00:00:31.2360000Z,2019-04-28T23:59:57.0030000Z,77.27,79.77,66.68,67.91,1822697.41,147629
2019-04-15T00:00:00.0000000Z,2019-04-22T00:00:00.0000000Z,2019-04-15T00:00:12.2360000Z,2019-04-21T23:59:41.7240000Z,83.77,84.73,73.42,77.23,1571826.484,139033
2019-04-08T00:00:00.0000000Z,2019-04-15T00:00:00.0000000Z,2019-04-08T00:00:01.2520000Z,2019-04-14T23:59:59.2740000Z,91.9,94.79,75.25,83.77,2057604.32,184095
2019-04-01T00:00:00.0000000Z,2019-04-08T00:00:00.0000000Z,2019-04-01T00:00:05.2230000Z,2019-04-07T23:59:54.2660000Z,60.33,99.89,59.84,91.88,4939417.105,365166
2019-03-25T00:00:00.0000000Z,2019-04-01T00:00:00.0000000Z,2019-03-25T00:00:29.3930000Z,2019-03-31T23:59:27.8270000Z,59.46,61.58,56.98,60.35,956859.3136,83880
2019-03-18T00:00:00.0000000Z,2019-03-25T00:00:00.0000000Z,2019-03-18T00:00:23.2240000Z,2019-03-24T23:59:26.8220000Z,60.3,62.22,56.71,59.54,1189806.787,106206
2019-03-11T00:00:00.0000000Z,2019-03-18T00:00:00.0000000Z,2019-03-11T00:00:02.0000000Z,2019-03-17T23:59:34.4990000Z,56.37,62,51.37,60.28,1637423.059,136912
2019-03-04T00:00:00.0000000Z,2019-03-11T00:00:00.0000000Z,2019-03-04T00:00:02.3540000Z,2019-03-10T23:59:58.1500000Z,47.48,59.18,44.4,56.3,2713761.166,202732
2019-02-25T00:00:00.0000000Z,2019-03-04T00:00:00.0000000Z,2019-02-25T00:00:03.7010000Z,2019-03-03T23:59:58.8060000Z,43.57,49.75,42.33,47.49,1707282.679,120020
2019-02-18T00:00:00.0000000Z,2019-02-25T00:00:00.0000000Z,2019-02-18T00:00:03.2600000Z,2019-02-24T23:59:58.7850000Z,43.44,53.97,42.44,43.57,3470136.065,200983
2019-02-11T00:00:00.0000000Z,2019-02-18T00:00:00.0000000Z,2019-02-11T00:00:21.2870000Z,2019-02-17T23:59:31.2140000Z,46.53,46.91,37.5,43.45,2142296.098,130830
2019-02-04T00:00:00.0000000Z,2019-02-11T00:00:00.0000000Z,2019-02-04T00:00:02.8140000Z,2019-02-10T23:59:55.3000000Z,32.88,47.37,30.58,46.51,3159856.749,176771
2019-01-28T00:00:00.0000000Z,2019-02-04T00:00:00.0000000Z,2019-01-28T00:00:10.7200000Z,2019-02-03T23:59:58.8760000Z,32.02,34.7,29.81,32.87,1603227.234,103476
2019-01-21T00:00:00.0000000Z,2019-01-28T00:00:00.0000000Z,2019-01-21T00:00:00.5960000Z,2019-01-27T23:59:58.6400000Z,30.61,34.5,29.26,32.01,1185322.139,89586
2019-01-14T00:00:00.0000000Z,2019-01-21T00:00:00.0000000Z,2019-01-14T00:00:30.1520000Z,2019-01-20T23:59:59.5590000Z,29.91,37.5,29.74,30.61,1347562.221,110931
2019-01-07T00:00:00.0000000Z,2019-01-14T00:00:00.0000000Z,2019-01-07T00:00:02.1480000Z,2019-01-13T23:59:55.8740000Z,38.88,41.27,29.51,29.92,2526396.773,172459
2018-12-31T00:00:00.0000000Z,2019-01-07T00:00:00.0000000Z,2018-12-31T00:00:05.6270000Z,2019-01-06T23:59:57.8640000Z,31.56,40.2,28.73,38.88,2059299.629,156006
2018-12-24T00:00:00.0000000Z,2018-12-31T00:00:00.0000000Z,2018-12-24T00:00:04.1940000Z,2018-12-30T23:59:50.6580000Z,33.08,36.78,27.46,31.56,2568292.382,208866
2018-12-17T00:00:00.0000000Z,2018-12-24T00:00:00.0000000Z,2018-12-17T00:00:04.1420000Z,2018-12-23T23:59:57.1080000Z,25.21,33.99,25.12,33.07,3410436.201,240813
2018-12-10T00:00:00.0000000Z,2018-12-17T00:00:00.0000000Z,2018-12-10T00:00:30.7490000Z,2018-12-16T23:59:40.7230000Z,25.29,26.73,22,25.24,2042617.021,157368
2018-12-03T00:00:00.0000000Z,2018-12-10T00:00:00.0000000Z,2018-12-03T00:00:19.6810000Z,2018-12-09T23:59:52.0060000Z,33.34,33.45,22.17,25.3,3014094.685,233710
2018-11-26T00:00:00.0000000Z,2018-12-03T00:00:00.0000000Z,2018-11-26T00:00:22.3760000Z,2018-12-02T23:59:57.9540000Z,30.37,37,27.55,33.34,2617443.177,201404
2018-11-19T00:00:00.0000000Z,2018-11-26T00:00:00.0000000Z,2018-11-19T00:00:17.6060000Z,2018-11-25T23:59:45.7160000Z,41.87,41.87,26.31,30.43,3728744.875,280114
2018-11-12T00:00:00.0000000Z,2018-11-19T00:00:00.0000000Z,2018-11-12T00:00:07.4730000Z,2018-11-18T23:59:26.1270000Z,50.8,51.38,39.41,41.86,1570189.844,156588
2018-11-05T00:00:00.0000000Z,2018-11-12T00:00:00.0000000Z,2018-11-05T00:00:00.0000000Z,2018-11-11T23:59:55.0000000Z,54.01,56.53,49.33,50.65,763357.3023,100870
2018-10-29T00:00:00.0000000Z,2018-11-05T00:00:00.0000000Z,2018-10-29T00:00:07.0060000Z,2018-11-04T23:59:59.8920000Z,51.54,55.94,47.11,53.88,820974.1503,114715
2018-10-22T00:00:00.0000000Z,2018-10-29T00:00:00.0000000Z,2018-10-22T00:00:14.0000000Z,2018-10-28T23:59:46.3260000Z,52.16,52.76,51.1,51.53,452302.9691,74468
2018-10-15T00:00:00.0000000Z,2018-10-22T00:00:00.0000000Z,2018-10-15T00:00:00.5470000Z,2018-10-21T23:59:20.0690000Z,51.37,58.09,50.86,52.23,975722.1879,110130
2018-10-08T00:00:00.0000000Z,2018-10-15T00:00:00.0000000Z,2018-10-08T00:00:15.0000000Z,2018-10-14T23:59:57.4090000Z,57.88,59.81,49.72,51.36,1083496.406,131426
2018-10-01T00:00:00.0000000Z,2018-10-08T00:00:00.0000000Z,2018-10-01T00:00:00.0000000Z,2018-10-07T23:59:58.3720000Z,61.05,61.89,56.3,57.9,829257.9854,116913
2018-09-24T00:00:00.0000000Z,2018-10-01T00:00:00.0000000Z,2018-09-24T00:00:03.6990000Z,2018-09-30T23:59:51.4960000Z,61.3,65.6,54.33,61.05,1748317.701,191931
2018-09-17T00:00:00.0000000Z,2018-09-24T00:00:00.0000000Z,2018-09-17T00:00:22.1280000Z,2018-09-23T23:59:55.4840000Z,56.82,63.81,50.51,61.31,1619982.414,196907
2018-09-10T00:00:00.0000000Z,2018-09-17T00:00:00.0000000Z,2018-09-10T00:00:02.6370000Z,2018-09-16T23:59:42.2260000Z,54.56,59,47.04,56.78,1629605.905,215780
2018-09-03T00:00:00.0000000Z,2018-09-10T00:00:00.0000000Z,2018-09-03T00:00:08.3600000Z,2018-09-09T23:59:58.9990000Z,66.2,69.44,51.62,54.54,1654455.657,211311
2018-08-27T00:00:00.0000000Z,2018-09-03T00:00:00.0000000Z,2018-08-27T00:00:02.5610000Z,2018-09-02T23:59:57.9390000Z,57.11,68.17,56.58,66.23,1194228.68,186074
2018-08-20T00:00:00.0000000Z,2018-08-27T00:00:00.0000000Z,2018-08-20T00:00:14.2820000Z,2018-08-26T23:59:57.5720000Z,57.85,59.27,53.15,57.02,1168874.52,181457
2018-08-13T00:00:00.0000000Z,2018-08-20T00:00:00.0000000Z,2018-08-13T00:00:06.1960000Z,2018-08-19T23:59:48.6800000Z,59.43,62.6,49.33,57.85,2002481.163,277671
2018-08-06T00:00:00.0000000Z,2018-08-13T00:00:00.0000000Z,2018-08-06T00:00:08.8850000Z,2018-08-12T23:59:55.2440000Z,74.65,76.84,55.12,59.44,1772888.205,292814
2018-07-30T00:00:00.0000000Z,2018-08-06T00:00:00.0000000Z,2018-07-30T00:00:01.1790000Z,2018-08-05T23:59:40.9790000Z,83.94,84.82,72.01,74.65,972630.4137,231145
2018-07-23T00:00:00.0000000Z,2018-07-30T00:00:00.0000000Z,2018-07-23T00:00:30.1070000Z,2018-07-29T23:59:48.6350000Z,82.22,90.61,80.78,83.93,1052693.543,238749
2018-07-16T00:00:00.0000000Z,2018-07-23T00:00:00.0000000Z,2018-07-16T00:00:18.3120000Z,2018-07-22T23:59:58.3910000Z,78.51,94.48,77.58,82.22,1352226.524,309088
2018-07-09T00:00:00.0000000Z,2018-07-16T00:00:00.0000000Z,2018-07-09T00:00:00.7540000Z,2018-07-15T23:59:56.1860000Z,82.21,83.74,74.11,78.51,1027034.706,258666
2018-07-02T00:00:00.0000000Z,2018-07-09T00:00:00.0000000Z,2018-07-02T00:00:08.0020000Z,2018-07-08T23:59:55.2730000Z,79.89,90,78.14,82.2,1142671.88,260648
2018-06-25T00:00:00.0000000Z,2018-07-02T00:00:00.0000000Z,2018-06-25T00:00:02.0790000Z,2018-07-01T23:59:59.1270000Z,80.6,84.5,72.43,79.89,1514570.082,337129
2018-06-18T00:00:00.0000000Z,2018-06-25T00:00:00.0000000Z,2018-06-18T00:00:02.7070000Z,2018-06-24T23:59:59.8820000Z,95.01,101.65,73.33,80.61,1599489.297,279398
2018-06-11T00:00:00.0000000Z,2018-06-18T00:00:00.0000000Z,2018-06-11T00:00:02.3960000Z,2018-06-17T23:59:54.5290000Z,106.97,109.02,88.69,95.01,1751420.886,274565
2018-06-04T00:00:00.0000000Z,2018-06-11T00:00:00.0000000Z,2018-06-04T00:00:01.4240000Z,2018-06-10T23:59:59.4320000Z,125,126.77,102.87,106.35,1062598.864,178078
2018-05-28T00:00:00.0000000Z,2018-06-04T00:00:00.0000000Z,2018-05-28T00:00:08.4840000Z,2018-06-03T23:59:59.6510000Z,117.68,128.04,108.25,125,1102597.175,194814
2018-05-21T00:00:00.0000000Z,2018-05-28T00:00:00.0000000Z,2018-05-21T00:00:05.1100000Z,2018-05-27T23:59:58.4370000Z,139.37,139.99,114.94,117.83,1211485.102,230044
2018-05-14T00:00:00.0000000Z,2018-05-21T00:00:00.0000000Z,2018-05-14T00:00:37.6560000Z,2018-05-20T23:59:54.2520000Z,144.43,153.12,128.89,139.38,1652787.24,294561
2018-05-07T00:00:00.0000000Z,2018-05-14T00:00:00.0000000Z,2018-05-07T00:00:01.6690000Z,2018-05-13T23:59:47.3790000Z,171.55,171.77,131.11,144.31,2065002.126,319969
2018-04-30T00:00:00.0000000Z,2018-05-07T00:00:00.0000000Z,2018-04-30T00:00:05.0000000Z,2018-05-06T23:59:58.1380000Z,153.39,183.58,142.73,171.56,2209044.348,362828
2018-04-23T00:00:00.0000000Z,2018-04-30T00:00:00.0000000Z,2018-04-23T00:00:08.0380000Z,2018-04-29T23:59:58.2410000Z,146.58,166.21,138.8,153.24,2708608.242,371484
2018-04-16T00:00:00.0000000Z,2018-04-23T00:00:00.0000000Z,2018-04-16T00:00:05.2520000Z,2018-04-22T23:59:50.2400000Z,132.52,157.1,125.11,146.59,2703319.991,345987
2018-04-09T00:00:00.0000000Z,2018-04-16T00:00:00.0000000Z,2018-04-09T00:00:01.3230000Z,2018-04-15T23:59:59.4480000Z,117.67,134.68,111,132.52,3010052.015,310774
2018-04-02T00:00:00.0000000Z,2018-04-09T00:00:00.0000000Z,2018-04-02T00:00:01.4730000Z,2018-04-08T23:59:56.9090000Z,114.95,159.65,111.63,117.67,2443482.183,297882
2018-03-26T00:00:00.0000000Z,2018-04-02T00:00:00.0000000Z,2018-03-26T00:00:05.1410000Z,2018-04-01T23:59:52.5580000Z,160.17,161.03,109,114.96,3665204.473,432294
2018-03-19T00:00:00.0000000Z,2018-03-26T00:00:00.0000000Z,2018-03-19T00:00:00.7280000Z,2018-03-25T23:59:58.8390000Z,154,175.99,150.46,160.18,2441725.492,340517
2018-03-12T00:00:00.0000000Z,2018-03-19T00:00:00.0000000Z,2018-03-12T00:00:00.0000000Z,2018-03-18T23:59:55.5840000Z,188.35,193.37,137.01,154,3380692.051,456039
2018-03-05T00:00:00.0000000Z,2018-03-12T00:00:00.0000000Z,2018-03-05T00:00:02.0000000Z,2018-03-11T23:59:52.1360000Z,213.17,216.4,157.27,188.33,3583723.148,539016
2018-02-26T00:00:00.0000000Z,2018-03-05T00:00:00.0000000Z,2018-02-26T00:00:00.0000000Z,2018-03-04T23:59:53.1050000Z,218.81,262,200.01,212.97,2916659.198,436463
2018-02-19T00:00:00.0000000Z,2018-02-26T00:00:00.0000000Z,2018-02-19T00:00:02.4930000Z,2018-02-25T23:59:59.8350000Z,214.31,252.63,182,218.86,5382599.118,702191
2018-02-12T00:00:00.0000000Z,2018-02-19T00:00:00.0000000Z,2018-02-12T00:00:00.7430000Z,2018-02-18T23:59:58.4160000Z,149.26,237.72,149.02,214.5,5867540.336,761160
2018-02-05T00:00:00.0000000Z,2018-02-12T00:00:00.0000000Z,2018-02-05T00:00:01.3990000Z,2018-02-11T23:59:52.6860000Z,147.51,169.72,103.02,149.26,7365505.53,875665
2018-01-29T00:00:00.0000000Z,2018-02-05T00:00:00.0000000Z,2018-01-29T00:00:03.6350000Z,2018-02-04T23:59:57.9670000Z,191.12,194.25,100.71,147.07,5082598.598,641758
2018-01-22T00:00:00.0000000Z,2018-01-29T00:00:00.0000000Z,2018-01-22T00:00:03.2070000Z,2018-01-28T23:59:58.4400000Z,190.93,195.85,163.48,191.12,2330289.356,440915
2018-01-15T00:00:00.0000000Z,2018-01-22T00:00:00.0000000Z,2018-01-15T00:00:01.0000000Z,2018-01-21T23:59:58.0720000Z,237.63,247.48,135,191.25,6187012.042,971804
2018-01-08T00:00:00.0000000Z,2018-01-15T00:00:00.0000000Z,2018-01-08T00:00:02.0000000Z,2018-01-14T23:59:54.1080000Z,271.12,290,216.02,239,3659506.764,774076
2018-01-01T00:00:00.0000000Z,2018-01-08T00:00:00.0000000Z,2018-01-01T00:00:03.1460000Z,2018-01-07T23:59:59.1190000Z,227.18,306.8,215.17,272.13,4473453.101,959925
2017-12-25T00:00:00.0000000Z,2018-01-01T00:00:00.0000000Z,2017-12-25T00:00:00.0310000Z,2017-12-31T23:59:57.5200000Z,278.81,287.4,200,227.17,4005489.242,857187
2017-12-18T00:00:00.0000000Z,2017-12-25T00:00:00.0000000Z,2017-12-18T00:00:01.2820000Z,2017-12-24T23:59:59.0000000Z,324.75,380,144,274.97,11506050.14,2138384
2017-12-11T00:00:00.0000000Z,2017-12-18T00:00:00.0000000Z,2017-12-11T00:00:00.8300000Z,2017-12-17T23:59:55.4200000Z,150.63,420,140.8,324.74,16847016.94,3176334
2017-12-04T00:00:00.0000000Z,2017-12-11T00:00:00.0000000Z,2017-12-04T00:00:01.8910000Z,2017-12-10T23:59:59.4330000Z,100.43,199,87.97,150.99,12143769.37,2078829
2017-11-27T00:00:00.0000000Z,2017-12-04T00:00:00.0000000Z,2017-11-27T00:00:00.4340000Z,2017-12-03T23:59:56.6380000Z,86.61,107.49,70.02,101.2,8491247.1,1432403
2017-11-20T00:00:00.0000000Z,2017-11-27T00:00:00.0000000Z,2017-11-20T00:00:00.0560000Z,2017-11-26T23:59:59.9950000Z,71.7,89.88,67,86.62,5312539.371,1186523
2017-11-13T00:00:00.0000000Z,2017-11-20T00:00:00.0000000Z,2017-11-13T00:00:02.1340000Z,2017-11-19T23:59:59.9780000Z,58.82,74.7,57.71,71.7,4395709.578,956839
2017-11-06T00:00:00.0000000Z,2017-11-13T00:00:00.0000000Z,2017-11-06T00:00:00.0560000Z,2017-11-12T23:59:57.8170000Z,54.67,67.24,53.06,58.81,5491606.935,1044419
2017-10-30T00:00:00.0000000Z,2017-11-06T00:00:00.0000000Z,2017-10-30T00:00:02.1580000Z,2017-11-05T23:59:59.9790000Z,56.59,58.42,49.52,54.67,2141359.129,798998
2017-10-23T00:00:00.0000000Z,2017-10-30T00:00:00.0000000Z,2017-10-23T00:00:02.5530000Z,2017-10-29T23:59:59.2310000Z,56.75,59.9,52,56.59,2180576.961,664603
2017-10-16T00:00:00.0000000Z,2017-10-23T00:00:00.0000000Z,2017-10-16T00:00:01.8470000Z,2017-10-22T23:59:54.7240000Z,65.52,66.4,52.9,56.75,3285294.299,602468
2017-10-09T00:00:00.0000000Z,2017-10-16T00:00:00.0000000Z,2017-10-09T00:00:02.3390000Z,2017-10-15T23:59:51.0020000Z,53.27,69.62,48,65.51,4777799.786,517316
2017-10-02T00:00:00.0000000Z,2017-10-09T00:00:00.0000000Z,2017-10-02T00:00:02.4690000Z,2017-10-08T23:59:56.7050000Z,54.7,55.22,50,53.27,1620144.722,226688
2017-09-25T00:00:00.0000000Z,2017-10-02T00:00:00.0000000Z,2017-09-25T00:00:02.1450000Z,2017-10-01T23:59:59.2870000Z,47.71,57.97,47.31,54.69,3546771.419,335708
2017-09-18T00:00:00.0000000Z,2017-09-25T00:00:00.0000000Z,2017-09-18T00:00:02.1430000Z,2017-09-24T23:59:51.7200000Z,51.37,58.48,44.69,47.7,4805050.616,387057
2017-09-11T00:00:00.0000000Z,2017-09-18T00:00:00.0000000Z,2017-09-11T00:00:22.8740000Z,2017-09-17T23:59:44.4890000Z,67.52,72.6,33.33,51.37,10299654.7,626177
2017-09-04T00:00:00.0000000Z,2017-09-11T00:00:00.0000000Z,2017-09-04T00:00:02.1200000Z,2017-09-10T23:59:54.2200000Z,79.45,83.33,61,67.44,6794898.664,619288
2017-08-28T00:00:00.0000000Z,2017-09-04T00:00:00.0000000Z,2017-08-28T00:00:03.0820000Z,2017-09-03T23:59:59.6550000Z,61.57,98.28,58.5003,79.44,7671728.192,744129
2017-08-21T00:00:00.0000000Z,2017-08-28T00:00:00.0000000Z,2017-08-21T00:00:04.6690000Z,2017-08-27T23:59:54.5150000Z,45.57,64.89,44,61.56,3448421.363,375000
2017-08-14T00:00:00.0000000Z,2017-08-21T00:00:00.0000000Z,2017-08-14T00:00:02.9680000Z,2017-08-20T23:59:53.2870000Z,45.22,48,41.15,45.57,1917600.6,254666
2017-08-07T00:00:00.0000000Z,2017-08-14T00:00:00.0000000Z,2017-08-07T00:00:09.2130000Z,2017-08-13T23:59:43.0340000Z,45.29,52,43.62,45.21,2103379.171,250636
2017-07-31T00:00:00.0000000Z,2017-08-07T00:00:00.0000000Z,2017-07-31T00:00:07.5010000Z,2017-08-06T23:59:38.0910000Z,40.81,47.09,37.39,45.33,1961961.567,219137
2017-07-24T00:00:00.0000000Z,2017-07-31T00:00:00.0000000Z,2017-07-24T00:00:01.8460000Z,2017-07-30T23:59:53.4690000Z,45.23,45.89999,38.25,40.82,1871442.789,228709
2017-07-17T00:00:00.0000000Z,2017-07-24T00:00:00.0000000Z,2017-07-17T00:00:14.7280000Z,2017-07-23T23:59:12.2900000Z,40.69,48,38.02352,45.23,3312611.259,261831
2017-07-10T00:00:00.0000000Z,2017-07-17T00:00:00.0000000Z,2017-07-10T00:00:19.3540000Z,2017-07-16T23:59:59.1860000Z,48.76,49.91,34.78,40.53231,4224150.379,307779
2017-07-03T00:00:00.0000000Z,2017-07-10T00:00:00.0000000Z,2017-07-03T00:00:14.0760000Z,2017-07-09T23:59:46.3990000Z,41.23703,57.75,40.38,48.76,5151626.357,363072
2017-06-26T00:00:00.0000000Z,2017-07-03T00:00:00.0000000Z,2017-06-26T00:00:03.3850000Z,2017-07-02T23:59:46.5670000Z,40.34004,43.75,33,41.59,2858553.468,192929
2017-06-19T00:00:00.0000000Z,2017-06-26T00:00:00.0000000Z,2017-06-19T00:00:14.3560000Z,2017-06-25T23:59:40.9970000Z,43.67,51,37.37309,40.34004,3879556.076,358681
2017-06-12T00:00:00.0000000Z,2017-06-19T00:00:00.0000000Z,2017-06-12T08:01:03.5440000Z,2017-06-18T23:59:55.5690000Z,31.81,49,23.435,43.66,6089615.406,454774
2017-06-05T00:00:00.0000000Z,2017-06-12T00:00:00.0000000Z,2017-06-05T00:00:11.4940000Z,2017-06-11T21:58:59.4560000Z,27.79,35.5,27.65,33.34999,3091100.449,228931
2017-05-29T00:00:00.0000000Z,2017-06-05T00:00:00.0000000Z,2017-05-29T00:00:11.8870000Z,2017-06-04T23:59:55.7000000Z,24.76,29.94,22.79915,27.79,2538849.863,248123
2017-05-22T00:00:00.0000000Z,2017-05-29T00:00:00.0000000Z,2017-05-22T00:00:20.8340000Z,2017-05-28T23:59:44.2180000Z,25.95,35.88,17.5,24.73,4267117.02,394832
2017-05-15T00:00:00.0000000Z,2017-05-22T00:00:00.0000000Z,2017-05-15T00:00:04.7770000Z,2017-05-21T23:59:55.1070000Z,28.9,29.89,20.31,25.92,3725847.45,296560
2017-05-08T00:00:00.0000000Z,2017-05-15T00:00:00.0000000Z,2017-05-08T00:00:21.5090000Z,2017-05-14T23:59:33.6440000Z,28.01062,38.91,22.67,28.9,3960048.693,311164
2017-05-01T00:00:00.0000000Z,2017-05-08T00:00:00.0000000Z,2017-05-01T00:00:14.4770000Z,2017-05-07T23:59:58.9440000Z,16.2,36,14.66353,30.62,5381829.087,285215
2017-04-24T00:00:00.0000000Z,2017-05-01T00:00:00.0000000Z,2017-04-24T00:00:21.4770000Z,2017-04-30T23:59:02.8310000Z,15.38,16.74,13.47,16.2,2133361.14,90326
2017-04-17T00:00:00.0000000Z,2017-04-24T00:00:00.0000000Z,2017-04-17T00:00:32.7090000Z,2017-04-23T23:58:53.2000000Z,11.7,16.14,10.00029,15.38,2437513.934,85351
2017-04-10T00:00:00.0000000Z,2017-04-17T00:00:00.0000000Z,2017-04-10T00:06:12.9320000Z,2017-04-16T23:58:41.2800000Z,9.36,12.7,8.89,11.7,1360267.511,50949
2017-04-03T00:00:00.0000000Z,2017-04-10T00:00:00.0000000Z,2017-04-03T00:00:03.0460000Z,2017-04-09T23:59:47.6790000Z,8.37,13.76999,7.5,9.26,2743830.902,76076
2017-03-27T00:00:00.0000000Z,2017-04-03T00:00:00.0000000Z,2017-03-27T00:15:40.5510000Z,2017-04-02T23:59:36.5270000Z,4.05138,9.9,3.99474,8.34,1326206.975,35920
2017-03-20T00:00:00.0000000Z,2017-03-27T00:00:00.0000000Z,2017-03-20T00:11:18.6070000Z,2017-03-26T23:58:50.8950000Z,3.94,4.5,3.62,4.1,244017.1732,8671
2017-03-13T00:00:00.0000000Z,2017-03-20T00:00:00.0000000Z,2017-03-13T00:01:20.2790000Z,2017-03-19T23:50:32.6580000Z,3.93,4.61,3.69,3.93,220587.7907,12072
2017-03-06T00:00:00.0000000Z,2017-03-13T00:00:00.0000000Z,2017-03-06T00:00:11.3530000Z,2017-03-12T23:49:08.4690000Z,4.01,4.26,3.68,3.85081,97975.6848,6152
2017-02-27T00:00:00.0000000Z,2017-03-06T00:00:00.0000000Z,2017-02-27T00:05:51.3880000Z,2017-03-05T23:58:07.8540000Z,3.89,4.5,3.76,4.02,84322.61193,3956
2017-02-20T00:00:00.0000000Z,2017-02-27T00:00:00.0000000Z,2017-02-20T00:41:25.9930000Z,2017-02-26T23:24:44.8100000Z,3.81,4,3.75005,3.89,45046.12967,2989
2017-02-13T00:00:00.0000000Z,2017-02-20T00:00:00.0000000Z,2017-02-13T00:36:42.1500000Z,2017-02-19T23:54:28.8520000Z,3.8,3.95,3.70101,3.77276,32581.80897,2200
2017-02-06T00:00:00.0000000Z,2017-02-13T00:00:00.0000000Z,2017-02-06T01:32:46.4980000Z,2017-02-12T23:41:34.8480000Z,3.94091,4.06,3.58,3.8,82045.44492,2999
2017-01-30T00:00:00.0000000Z,2017-02-06T00:00:00.0000000Z,2017-01-30T03:07:46.6900000Z,2017-02-05T23:31:46.3140000Z,3.89999,4.69,3.85625,3.94289,29351.27139,645
2017-01-23T00:00:00.0000000Z,2017-01-30T00:00:00.0000000Z,2017-01-23T03:06:40.8030000Z,2017-01-29T21:50:00.9430000Z,3.88969,3.968,3.66298,3.89,12603.8557,334
2017-01-16T00:00:00.0000000Z,2017-01-23T00:00:00.0000000Z,2017-01-16T04:46:06.5180000Z,2017-01-22T13:14:41.5540000Z,3.94271,4.02973,3.82451,3.82689,8888.67705,447
2017-01-09T00:00:00.0000000Z,2017-01-16T00:00:00.0000000Z,2017-01-09T00:32:17.3930000Z,2017-01-15T22:40:46.4910000Z,4,4.68,3.8,3.88552,22761.46294,876
2017-01-02T00:00:00.0000000Z,2017-01-09T00:00:00.0000000Z,2017-01-02T00:13:21.9300000Z,2017-01-08T22:18:41.6970000Z,4.47,5.99,3.63,4.03,48777.82762,3153
2016-12-26T00:00:00.0000000Z,2017-01-02T00:00:00.0000000Z,2016-12-26T00:30:47.5580000Z,2017-01-01T23:38:44.8000000Z,4.3,5,4.1,4.43,19392.1901,1682
2016-12-19T00:00:00.0000000Z,2016-12-26T00:00:00.0000000Z,2016-12-19T00:05:38.5910000Z,2016-12-25T22:57:01.2480000Z,3.71811,5.14,3.58075,4.3,35422.27372,2204
2016-12-12T00:00:00.0000000Z,2016-12-19T00:00:00.0000000Z,2016-12-12T00:04:01.0260000Z,2016-12-18T20:18:41.8170000Z,3.66,3.74671,3.5,3.71673,3450.102561,494
2016-12-05T00:00:00.0000000Z,2016-12-12T00:00:00.0000000Z,2016-12-05T00:20:18.9420000Z,2016-12-11T23:53:47.8450000Z,3.86561,3.9105,3.32,3.67,14617.6578,1650
2016-11-28T00:00:00.0000000Z,2016-12-05T00:00:00.0000000Z,2016-11-28T00:07:05.9960000Z,2016-12-04T23:51:53.7070000Z,3.89,3.98,3.51,3.87,5215.68689,1417
2016-11-21T00:00:00.0000000Z,2016-11-28T00:00:00.0000000Z,2016-11-21T00:07:27.5410000Z,2016-11-27T23:51:20.0780000Z,3.88,3.99,3.82675,3.89175,2820.893788,764
2016-11-14T00:00:00.0000000Z,2016-11-21T00:00:00.0000000Z,2016-11-14T00:25:06.5480000Z,2016-11-20T23:48:11.7490000Z,3.85,4.15,3.81,3.89,11394.24059,1298
2016-11-07T00:00:00.0000000Z,2016-11-14T00:00:00.0000000Z,2016-11-07T00:38:37.1410000Z,2016-11-13T23:51:33.3180000Z,3.9,3.99,3.6484,3.9,13447.93265,1794
2016-10-31T00:00:00.0000000Z,2016-11-07T00:00:00.0000000Z,2016-10-31T00:00:01.3720000Z,2016-11-06T23:56:50.3020000Z,3.92,4.5,3.38715,3.91,18873.44256,2267
2016-10-24T00:00:00.0000000Z,2016-10-31T00:00:00.0000000Z,2016-10-24T00:02:21.5780000Z,2016-10-30T23:58:17.6520000Z,3.88,4.25,3.76,3.95,13336.98434,3506
2016-10-17T00:00:00.0000000Z,2016-10-24T00:00:00.0000000Z,2016-10-17T00:41:57.3100000Z,2016-10-23T23:58:57.8580000Z,3.86,3.94,3.7,3.88,11711.2841,2119
2016-10-10T00:00:00.0000000Z,2016-10-17T00:00:00.0000000Z,2016-10-10T07:38:06.4370000Z,2016-10-16T23:08:16.9830000Z,3.80124,3.94,3.75,3.92236,5458.79609,1285
2016-10-03T00:00:00.0000000Z,2016-10-10T00:00:00.0000000Z,2016-10-03T00:03:52.2890000Z,2016-10-09T22:37:38.3070000Z,3.83,3.94,3.77124,3.8,14399.50676,1786
2016-09-26T00:00:00.0000000Z,2016-10-03T00:00:00.0000000Z,2016-09-26T00:26:33.4730000Z,2016-10-02T23:44:12.8720000Z,3.84,4,3.77124,3.83,7196.947779,1394
2016-09-19T00:00:00.0000000Z,2016-09-26T00:00:00.0000000Z,2016-09-19T00:50:12.9990000Z,2016-09-25T21:55:37.2600000Z,3.87,6.72,3.61,3.8,11632.59252,1808
2016-09-12T00:00:00.0000000Z,2016-09-19T00:00:00.0000000Z,2016-09-12T00:04:26.2310000Z,2016-09-18T21:40:00.9370000Z,3.93,4.02554,3.77,3.86699,5411.733041,1208
2016-09-05T00:00:00.0000000Z,2016-09-12T00:00:00.0000000Z,2016-09-05T02:03:29.6970000Z,2016-09-11T23:59:58.1610000Z,4.02636,4.04717,3.83538,3.93,3793.124657,2098
2016-08-29T00:00:00.0000000Z,2016-09-05T00:00:00.0000000Z,2016-08-29T11:09:20.5100000Z,2016-09-04T23:16:42.2120000Z,3.82119,4.044,3.38726,3.98,10472.57635,335
2016-08-22T00:00:00.0000000Z,2016-08-29T00:00:00.0000000Z,2016-08-22T00:37:34.5500000Z,2016-08-28T11:59:48.8200000Z,3.61068,4.04381,3.60824,3.72171,3520.152668,131
2016-08-15T00:00:00.0000000Z,2016-08-22T00:00:00.0000000Z,2016-08-15T08:26:52.8380000Z,2016-08-21T14:53:58.6250000Z,3.61006,3.68141,3.55,3.61525,1942.403195,84
2016-08-08T00:00:00.0000000Z,2016-08-15T00:00:00.0000000Z,2016-08-08T05:31:33.7050000Z,2016-08-14T23:42:04.4350000Z,3.75,3.93,3.38714,3.60656,5598.54508,189
2016-08-01T00:00:00.0000000Z,2016-08-08T00:00:00.0000000Z,2016-08-01T00:14:29.1590000Z,2016-08-07T23:37:06.9870000Z,3.92137,3.98057,3.36,3.73319,11648.96759,395
2016-07-25T00:00:00.0000000Z,2016-08-01T00:00:00.0000000Z,2016-07-25T07:31:47.8480000Z,2016-07-31T22:17:56.9080000Z,4.04648,4.1995,3.9,3.94,6631.76857,220
2016-07-18T00:00:00.0000000Z,2016-07-25T00:00:00.0000000Z,2016-07-18T03:58:16.8680000Z,2016-07-24T23:55:44.8990000Z,4.19,4.2432,3.95001,4.06187,5010.390357,161
2016-07-11T00:00:00.0000000Z,2016-07-18T00:00:00.0000000Z,2016-07-11T01:14:33.7660000Z,2016-07-17T23:21:30.9660000Z,4.16374,4.24999,4.04933,4.13161,3741.791614,156
2016-07-04T00:00:00.0000000Z,2016-07-11T00:00:00.0000000Z,2016-07-04T00:52:03.1910000Z,2016-07-10T18:35:24.8990000Z,4.21755,4.54996,3.95,4.12997,6713.624814,221
2016-06-27T00:00:00.0000000Z,2016-07-04T00:00:00.0000000Z,2016-06-27T01:21:43.0820000Z,2016-07-03T22:03:52.0840000Z,4.12726,4.88781,3.95419,4.28375,10742.44926,314
2016-06-20T00:00:00.0000000Z,2016-06-27T00:00:00.0000000Z,2016-06-20T00:46:57.4930000Z,2016-06-26T22:20:17.3020000Z,5.52337,5.62263,3.58704,4.03,18674.18972,728
2016-06-13T00:00:00.0000000Z,2016-06-20T00:00:00.0000000Z,2016-06-13T00:54:08.7840000Z,2016-06-19T23:43:08.4160000Z,5.25139,6.25,4.5,5.5304,23922.16561,958
2016-06-06T00:00:00.0000000Z,2016-06-13T00:00:00.0000000Z,2016-06-06T15:51:56.0720000Z,2016-06-12T23:48:01.0780000Z,4.97013,5.489,4.69313,5.28101,5882.380317,241
2016-05-30T00:00:00.0000000Z,2016-06-06T00:00:00.0000000Z,2016-05-30T00:10:18.4430000Z,2016-06-05T12:18:23.4470000Z,4.47028,5,4.03,4.83,7216.006108,369
2016-05-23T00:00:00.0000000Z,2016-05-30T00:00:00.0000000Z,2016-05-24T20:25:19.0040000Z,2016-05-29T23:59:25.9880000Z,3.95357,4.71458,3.89049,4.47025,14342.65119,524
2016-05-16T00:00:00.0000000Z,2016-05-23T00:00:00.0000000Z,2016-05-16T00:01:33.5620000Z,2016-05-20T00:14:58.2640000Z,4.1,4.22353,3.55,3.64554,7449.774971,349
2016-05-09T00:00:00.0000000Z,2016-05-16T00:00:00.0000000Z,2016-05-09T00:39:08.6740000Z,2016-05-15T23:57:43.9060000Z,3.93775,4.82789,3.64,4.1,12811.18023,455
2016-05-02T00:00:00.0000000Z,2016-05-09T00:00:00.0000000Z,2016-05-02T00:11:51.8270000Z,2016-05-08T23:36:32.2810000Z,3.71,4.025,3.49,3.9264,7679.658486,325
2016-04-25T00:00:00.0000000Z,2016-05-02T00:00:00.0000000Z,2016-04-25T00:33:55.0630000Z,2016-05-01T19:19:05.7080000Z,3.6307,4.38,3.48001,3.67215,12459.39545,738
2016-04-18T00:00:00.0000000Z,2016-04-25T00:00:00.0000000Z,2016-04-19T11:10:53.7180000Z,2016-04-24T22:43:31.8130000Z,3.2561,3.64863,3.0126,3.64863,5511.5531,317
2016-04-11T00:00:00.0000000Z,2016-04-18T00:00:00.0000000Z,2016-04-11T00:20:25.2230000Z,2016-04-15T02:01:51.0210000Z,3.23185,3.3173,3.19,3.20158,1672.302807,176
2016-04-04T00:00:00.0000000Z,2016-04-11T00:00:00.0000000Z,2016-04-04T00:37:54.4070000Z,2016-04-10T22:39:27.3500000Z,3.24119,3.29896,3.15,3.19009,1802.360213,147
2016-03-28T00:00:00.0000000Z,2016-04-04T00:00:00.0000000Z,2016-03-28T08:10:56.5330000Z,2016-04-03T21:33:22.4270000Z,3.26626,3.32687,2.88025,3.24118,1815.674854,196
2016-03-21T00:00:00.0000000Z,2016-03-28T00:00:00.0000000Z,2016-03-21T01:36:52.5470000Z,2016-03-27T23:57:52.7370000Z,3.16046,3.3326,2.37644,3.27648,10366.89874,395
2016-03-14T00:00:00.0000000Z,2016-03-21T00:00:00.0000000Z,2016-03-14T01:35:53.6870000Z,2016-03-20T19:38:08.7130000Z,3.27395,3.32994,2.91,3.16214,4365.687239,381
2016-03-07T00:00:00.0000000Z,2016-03-14T00:00:00.0000000Z,2016-03-07T01:25:35.9130000Z,2016-03-13T23:59:52.2100000Z,3.11753,3.41545,2.91,3.27333,5184.908069,383
2016-02-29T00:00:00.0000000Z,2016-03-07T00:00:00.0000000Z,2016-02-29T04:40:32.1970000Z,2016-03-06T23:58:13.0730000Z,3.46473,3.48281,2.63158,3.17857,17080.48949,768
2016-02-22T00:00:00.0000000Z,2016-02-29T00:00:00.0000000Z,2016-02-22T01:01:46.0500000Z,2016-02-28T19:21:57.9930000Z,3.32779,3.46999,3.28,3.38838,3445.421687,263
2016-02-15T00:00:00.0000000Z,2016-02-22T00:00:00.0000000Z,2016-02-15T00:56:38.3430000Z,2016-02-21T22:39:38.1730000Z,3.09266,3.54671,2.89137,3.42,7696.181628,560
2016-02-08T00:00:00.0000000Z,2016-02-15T00:00:00.0000000Z,2016-02-08T01:05:35.3200000Z,2016-02-14T23:53:31.8730000Z,3.03,3.1784,2.89833,3.14,21445.86597,1101
2016-02-01T00:00:00.0000000Z,2016-02-08T00:00:00.0000000Z,2016-02-05T16:30:14.8800000Z,2016-02-07T22:56:06.4070000Z,3.1832,3.18321,3.03,3.03,573.721808,71
2015-12-21T00:00:00.0000000Z,2015-12-28T00:00:00.0000000Z,2015-12-21T01:19:07.0900000Z,2015-12-27T09:26:28.0770000Z,3.59581,3.68479,3.41134,3.41134,417.3043062,140
2015-12-14T00:00:00.0000000Z,2015-12-21T00:00:00.0000000Z,2015-12-14T14:03:10.6200000Z,2015-12-20T18:45:33.8330000Z,3.66115,3.77,3.42,3.59689,2038.543913,171
2015-12-07T00:00:00.0000000Z,2015-12-14T00:00:00.0000000Z,2015-12-07T07:31:24.2830000Z,2015-12-13T20:34:41.6670000Z,3.5811,3.8,3.4968,3.62014,3677.369536,300
2015-11-30T00:00:00.0000000Z,2015-12-07T00:00:00.0000000Z,2015-11-30T01:03:50.3900000Z,2015-12-06T03:20:45.0000000Z,3.71,3.75,3.29303,3.41766,3271.849806,172
2015-11-23T00:00:00.0000000Z,2015-11-30T00:00:00.0000000Z,2015-11-23T18:36:23.9970000Z,2015-11-29T23:14:17.9970000Z,3.1,3.71,2.965,3.71,1312.50462,146
2015-11-16T00:00:00.0000000Z,2015-11-23T00:00:00.0000000Z,2015-11-16T00:56:28.4370000Z,2015-11-22T18:04:30.0370000Z,3.06,3.2599,3.02,3.1,2077.792062,144
2015-11-09T00:00:00.0000000Z,2015-11-16T00:00:00.0000000Z,2015-11-09T00:14:50.8870000Z,2015-11-15T18:50:27.1830000Z,3.29,3.3,2.86124,3.22328,1776.928496,149
2015-11-02T00:00:00.0000000Z,2015-11-09T00:00:00.0000000Z,2015-11-02T12:09:13.5200000Z,2015-11-08T21:37:09.4330000Z,3.87802,5.0125,3.3,3.49747,4939.743321,409
2015-10-26T00:00:00.0000000Z,2015-11-02T00:00:00.0000000Z,2015-10-30T18:47:44.6770000Z,2015-11-01T23:21:58.8200000Z,3.95067,3.99161,3.61,3.67,693.136459,65
2015-10-05T00:00:00.0000000Z,2015-10-12T00:00:00.0000000Z,2015-10-05T07:32:30.9630000Z,2015-10-05T15:30:28.8670000Z,2.99,3.01,2.98,3.01,2.19548,10
2015-09-28T00:00:00.0000000Z,2015-10-05T00:00:00.0000000Z,2015-09-28T03:19:51.4530000Z,2015-10-04T21:47:46.3870000Z,2.8902,3.06319,2.76757,3.04784,165.4392567,45
2015-09-21T00:00:00.0000000Z,2015-09-28T00:00:00.0000000Z,2015-09-21T16:03:11.1130000Z,2015-09-27T20:07:28.1000000Z,2.8646,2.95992,2.80867,2.88706,90.0942767,23
2015-09-14T00:00:00.0000000Z,2015-09-21T00:00:00.0000000Z,2015-09-14T21:56:52.2470000Z,2015-09-20T15:59:38.1900000Z,2.87,3,2.5601,2.89775,1283.976981,87
2015-08-31T00:00:00.0000000Z,2015-09-07T00:00:00.0000000Z,2015-08-31T22:05:24.8730000Z,2015-09-01T07:54:46.8530000Z,3,3,2.81627,2.81627,16.30833,3
2015-08-24T00:00:00.0000000Z,2015-08-31T00:00:00.0000000Z,2015-08-24T08:23:55.7500000Z,2015-08-30T08:33:55.2930000Z,3.14415,3.19568,2.71472,2.87122,1377.283411,116
2015-08-17T00:00:00.0000000Z,2015-08-24T00:00:00.0000000Z,2015-08-17T12:46:13.8530000Z,2015-08-23T10:43:48.0630000Z,3.9305,4.06488,3,3.51,4084.649401,266
2015-08-10T00:00:00.0000000Z,2015-08-17T00:00:00.0000000Z,2015-08-10T21:24:59.4430000Z,2015-08-16T14:06:34.7970000Z,3.99,4.18531,3.78152,3.79701,1084.398988,92
2015-08-03T00:00:00.0000000Z,2015-08-10T00:00:00.0000000Z,2015-08-06T10:19:59.8030000Z,2015-08-09T08:40:35.7600000Z,4.23512,4.23512,3.88,3.88,787.8991513,41
2015-07-27T00:00:00.0000000Z,2015-08-03T00:00:00.0000000Z,2015-07-28T01:20:37.3970000Z,2015-08-02T11:15:55.1330000Z,4.83065,5.15181,3.92034,4.01001,1186.235592,51
2015-07-20T00:00:00.0000000Z,2015-07-27T00:00:00.0000000Z,2015-07-21T01:28:29.3770000Z,2015-07-26T11:59:49.0530000Z,3.96321,5.04,3.5,4.7,1695.148261,111
2015-07-13T00:00:00.0000000Z,2015-07-20T00:00:00.0000000Z,2015-07-13T02:08:32.5130000Z,2015-07-19T22:58:45.7870000Z,5.13625,5.13634,3.32999,3.62001,3597.20937,175
2015-07-06T00:00:00.0000000Z,2015-07-13T00:00:00.0000000Z,2015-07-06T01:18:17.7570000Z,2015-07-12T21:12:12.2230000Z,4.80008,8.79111,3.54028,5.42369,4365.96719,548
2015-06-29T00:00:00.0000000Z,2015-07-06T00:00:00.0000000Z,2015-06-29T15:54:06.9930000Z,2015-07-05T23:59:03.1830000Z,3.34064,4.95043,3.28756,4.95043,2322.056764,301
2015-06-22T00:00:00.0000000Z,2015-06-29T00:00:00.0000000Z,2015-06-22T02:33:45.9800000Z,2015-06-28T16:56:16.9470000Z,2.93692,3.1,2.77,3.09999,1815.028269,91
2015-06-15T00:00:00.0000000Z,2015-06-22T00:00:00.0000000Z,2015-06-16T06:31:50.4200000Z,2015-06-21T09:09:23.6230000Z,2.2,3.22561,2.2,3.04999,4116.834596,255
2015-06-08T00:00:00.0000000Z,2015-06-15T00:00:00.0000000Z,2015-06-11T13:55:15.9570000Z,2015-06-14T18:33:32.9570000Z,1.74923,2,1.74921,1.92958,105.74631,10
2015-06-01T00:00:00.0000000Z,2015-06-08T00:00:00.0000000Z,2015-06-01T10:55:46.3370000Z,2015-06-04T19:38:15.0470000Z,1.71906,1.71907,1.63,1.65203,41.51463253,7
2015-05-25T00:00:00.0000000Z,2015-06-01T00:00:00.0000000Z,2015-05-25T04:51:53.0200000Z,2015-05-31T10:10:17.9770000Z,1.85605,1.86569,1.74668,1.75,244.3698991,31
2015-05-18T00:00:00.0000000Z,2015-05-25T00:00:00.0000000Z,2015-05-18T14:55:17.0470000Z,2015-05-24T13:26:09.4470000Z,1.46889,1.9,1.44004,1.75749,2013.761086,78
2015-05-11T00:00:00.0000000Z,2015-05-18T00:00:00.0000000Z,2015-05-11T10:57:26.4430000Z,2015-05-17T15:28:05.3230000Z,1.47,1.52243,1.45173,1.47,35.49051,9
2015-05-04T00:00:00.0000000Z,2015-05-11T00:00:00.0000000Z,2015-05-04T07:45:32.7900000Z,2015-05-10T17:35:59.0270000Z,1.40745,3.14,1.4,1.48,3005.23932,112
2015-04-27T00:00:00.0000000Z,2015-05-04T00:00:00.0000000Z,2015-04-27T06:53:37.8730000Z,2015-05-03T21:12:29.7070000Z,1.254,8.5,1.253,1.4621,6670.583023,278
2015-04-20T00:00:00.0000000Z,2015-04-27T00:00:00.0000000Z,2015-04-20T23:59:54.0870000Z,2015-04-26T21:04:03.6230000Z,1.357,4.1,1.253,1.253,2799.172323,234
2015-04-13T00:00:00.0000000Z,2015-04-20T00:00:00.0000000Z,2015-04-13T00:02:03.4300000Z,2015-04-19T17:43:46.5870000Z,1.32496,1.75544,0.44001,1.36102,459.412535,981
2015-04-06T00:00:00.0000000Z,2015-04-13T00:00:00.0000000Z,2015-04-10T20:06:13.7670000Z,2015-04-12T23:57:04.2330000Z,1.50348,1.50348,1.316,1.32496,20.04954104,164
2015-03-23T00:00:00.0000000Z,2015-03-30T00:00:00.0000000Z,2015-03-24T11:21:06.0330000Z,2015-03-25T11:18:38.9770000Z,1.76001,2.49,1.5,1.76602,44.44163528,11
2015-03-16T00:00:00.0000000Z,2015-03-23T00:00:00.0000000Z,2015-03-16T06:37:53.1370000Z,2015-03-21T01:10:50.3600000Z,1.99302,1.99302,1.76,1.76,289.7992465,39
2015-03-09T00:00:00.0000000Z,2015-03-16T00:00:00.0000000Z,2015-03-09T21:18:00.7870000Z,2015-03-15T13:55:49.2930000Z,2.06967,2.07641,1.89,1.99301,844.0284937,20
2015-03-02T00:00:00.0000000Z,2015-03-09T00:00:00.0000000Z,2015-03-02T21:02:44.4370000Z,2015-03-08T15:26:45.2900000Z,1.94032,2.02559,1.77137,1.77137,100.6291973,11
2015-02-23T00:00:00.0000000Z,2015-03-02T00:00:00.0000000Z,2015-02-27T23:36:21.7000000Z,2015-02-27T23:36:21.7000000Z,1.93279,1.93279,1.93279,1.93279,0.24834565,1
2015-02-16T00:00:00.0000000Z,2015-02-23T00:00:00.0000000Z,2015-02-17T20:59:35.6030000Z,2015-02-17T20:59:35.6030000Z,1.5,1.5,1.5,1.5,0.0717,1
2015-02-09T00:00:00.0000000Z,2015-02-16T00:00:00.0000000Z,2015-02-13T18:29:04.7500000Z,2015-02-15T11:24:30.0230000Z,1.80479,1.90844,1.67876,1.74533,127.4378337,18
2015-02-02T00:00:00.0000000Z,2015-02-09T00:00:00.0000000Z,2015-02-03T02:12:26.7370000Z,2015-02-03T02:18:41.6570000Z,1.89001,1.89001,1.89001,1.89001,0.38532,2
2015-01-26T00:00:00.0000000Z,2015-02-02T00:00:00.0000000Z,2015-01-26T09:30:07.4370000Z,2015-01-30T15:54:32.2970000Z,2.53963,2.53963,1.73793,2.16142,25.10776,6
2015-01-19T00:00:00.0000000Z,2015-01-26T00:00:00.0000000Z,2015-01-21T16:08:38.5600000Z,2015-01-25T01:23:25.0930000Z,1.27871,2.11863,1.27871,2.11863,1631.900055,73
2015-01-12T00:00:00.0000000Z,2015-01-19T00:00:00.0000000Z,2015-01-14T08:53:10.5130000Z,2015-01-16T10:42:48.3870000Z,1.23445,1.62336,1.2,1.62336,0.76395,4
2015-01-05T00:00:00.0000000Z,2015-01-12T00:00:00.0000000Z,2015-01-06T18:59:13.6900000Z,2015-01-11T10:26:13.0100000Z,2.37299,2.37299,1.81999,1.81999,173.1656678,20
2014-12-29T00:00:00.0000000Z,2015-01-05T00:00:00.0000000Z,2014-12-29T06:00:09.7000000Z,2015-01-04T16:09:07.9000000Z,2.4179,2.78,1.92,1.92,2698.096627,116
2014-12-22T00:00:00.0000000Z,2014-12-29T00:00:00.0000000Z,2014-12-22T17:22:29.1530000Z,2014-12-24T17:55:12.6330000Z,3.0545,3.0545,2.85,2.85,102.09109,8
2014-12-15T00:00:00.0000000Z,2014-12-22T00:00:00.0000000Z,2014-12-16T13:26:29.2700000Z,2014-12-21T15:56:43.7370000Z,3.11548,3.2,2.86296,2.9,13.32732483,13
2014-12-08T00:00:00.0000000Z,2014-12-15T00:00:00.0000000Z,2014-12-08T23:34:52.6570000Z,2014-12-14T10:50:07.3370000Z,3.61001,3.81446,3.06932,3.61,20.35797555,37
2014-12-01T00:00:00.0000000Z,2014-12-08T00:00:00.0000000Z,2014-12-01T03:35:24.9800000Z,2014-12-06T06:37:26.2230000Z,3.55822,3.64001,3.42296,3.61,43.59583,18
2014-11-24T00:00:00.0000000Z,2014-12-01T00:00:00.0000000Z,2014-11-26T22:16:52.3670000Z,2014-11-27T07:11:51.4270000Z,3.93712,3.93712,3.35443,3.35443,12.03786,2
2014-11-17T00:00:00.0000000Z,2014-11-24T00:00:00.0000000Z,2014-11-17T15:09:17.9270000Z,2014-11-20T13:34:45.2370000Z,3.97,3.97,3.69,3.69,15.20956376,16
2014-11-03T00:00:00.0000000Z,2014-11-10T00:00:00.0000000Z,2014-11-06T07:14:55.7100000Z,2014-11-08T12:55:57.7430000Z,3.96211,3.96211,3.48888,3.61943,57.96153905,19
2014-10-27T00:00:00.0000000Z,2014-11-03T00:00:00.0000000Z,2014-10-27T12:48:10.2000000Z,2014-11-02T13:12:17.9200000Z,4.19,4.24803,3.15629,3.15629,308.2023139,20
2014-10-20T00:00:00.0000000Z,2014-10-27T00:00:00.0000000Z,2014-10-20T03:19:49.7670000Z,2014-10-24T19:59:46.0900000Z,4.48491,4.48491,3.34286,3.95906,130.2665151,28
2014-10-13T00:00:00.0000000Z,2014-10-20T00:00:00.0000000Z,2014-10-13T12:24:20.1170000Z,2014-10-17T12:27:19.3230000Z,4.01775,4.01775,3.9942,3.9942,50.024,9
2014-10-06T00:00:00.0000000Z,2014-10-13T00:00:00.0000000Z,2014-10-06T15:04:06.5700000Z,2014-10-12T22:31:21.4470000Z,3.87402,4.52077,3.32273,3.89265,826.4004566,474
2014-09-29T00:00:00.0000000Z,2014-10-06T00:00:00.0000000Z,2014-10-01T23:19:27.6170000Z,2014-10-01T23:19:27.6170000Z,4.47319,4.47319,4.47319,4.47319,0.26778,1
2014-09-08T00:00:00.0000000Z,2014-09-15T00:00:00.0000000Z,2014-09-08T15:48:31.7570000Z,2014-09-10T14:05:17.3170000Z,4.6,4.83314,4.6,4.83314,144.47731,10
2014-09-01T00:00:00.0000000Z,2014-09-08T00:00:00.0000000Z,2014-09-01T04:41:22.0030000Z,2014-09-07T07:38:37.6630000Z,5,5,4.58586,4.58586,526.9423805,71
2014-08-25T00:00:00.0000000Z,2014-09-01T00:00:00.0000000Z,2014-08-30T21:09:25.2700000Z,2014-08-31T14:24:34.4970000Z,5.05411,5.05411,5,5,2.86761951,2
2014-08-18T00:00:00.0000000Z,2014-08-25T00:00:00.0000000Z,2014-08-18T11:48:46.2100000Z,2014-08-24T12:19:18.8770000Z,4,6.18384,3.93601,5.74296,241.1668792,97
2014-08-11T00:00:00.0000000Z,2014-08-18T00:00:00.0000000Z,2014-08-11T07:05:52.6430000Z,2014-08-17T15:21:06.8100000Z,6.70825,6.92145,4.61501,5,309.1969772,76
2014-08-04T00:00:00.0000000Z,2014-08-11T00:00:00.0000000Z,2014-08-05T20:32:13.1170000Z,2014-08-09T21:19:09.5300000Z,7.03267,7.5616,6.1,7.5616,71.08785558,37
2014-07-28T00:00:00.0000000Z,2014-08-04T00:00:00.0000000Z,2014-07-28T03:05:35.2700000Z,2014-08-02T17:30:41.8230000Z,7.68012,8.8,7.5,7.6,132.5711888,50
2014-07-21T00:00:00.0000000Z,2014-07-28T00:00:00.0000000Z,2014-07-24T22:34:55.5370000Z,2014-07-24T23:56:21.7500000Z,8,8,7.90758,7.90758,73.78,9
2014-07-14T00:00:00.0000000Z,2014-07-21T00:00:00.0000000Z,2014-07-14T16:16:54.8770000Z,2014-07-19T18:38:24.9000000Z,10,10,8.53319,8.92858,21.54275891,14
2014-07-07T00:00:00.0000000Z,2014-07-14T00:00:00.0000000Z,2014-07-07T06:24:27.1270000Z,2014-07-11T22:26:03.9970000Z,7.36731,8.19375,7.36731,7.6906,9.22935388,11
2014-06-30T00:00:00.0000000Z,2014-07-07T00:00:00.0000000Z,2014-06-30T02:52:12.3700000Z,2014-07-04T20:24:25.5170000Z,8.36573,9.14901,8,8,127.9162657,52
2014-06-23T00:00:00.0000000Z,2014-06-30T00:00:00.0000000Z,2014-06-23T08:41:27.6100000Z,2014-06-28T11:12:01.5330000Z,9.70001,9.99695,9.28651,9.60984,28.69111385,31
2014-06-16T00:00:00.0000000Z,2014-06-23T00:00:00.0000000Z,2014-06-16T07:38:28.3100000Z,2014-06-21T07:19:06.4430000Z,9.84337,10,9.5,9.54142,19.622689,6
2014-06-09T00:00:00.0000000Z,2014-06-16T00:00:00.0000000Z,2014-06-09T11:09:38.3670000Z,2014-06-15T08:59:12.8070000Z,11.08,11.27929,9.51489,9.51489,63.2610834,22
2014-06-02T00:00:00.0000000Z,2014-06-09T00:00:00.0000000Z,2014-06-02T05:21:37.7270000Z,2014-06-08T11:21:59.8930000Z,11.62433,11.62877,10.62575,11.43617,985.8030351,81